ur1919094	tas1x01	9
ur70232234	tas1x01	4
ur0278527	tas1x01	6
ur2467618	tas1x01	3
ur20395088	tas1x02	10
ur3274830	tas1x02	7
ur0278527	tas1x02	9
ur70232234	tas1x02	8
ur5946448	tas1x02	7
ur2467618	tas1x02	7
ur2467618	tas1x03	5
ur70232234	tas1x03	4
ur9938570	tas1x03	8
ur0278527	tas1x03	6
ur2467618	tas1x04	5
ur0278527	tas1x04	5
ur5946448	tas1x05	6
ur19278556	tas1x05	7
ur2467618	tas1x05	5
ur0278527	tas1x05	5
ur2063901	tas1x06	9
ur2467618	tas1x06	4
ur0278527	tas1x06	4
ur3412920	tas1x07	2
ur0278527	tas1x07	2
ur2467618	tas1x07	1
ur59327551	tas1x08	10
ur3274830	tas1x08	7
ur5946448	tas1x08	6
ur2467618	tas1x08	2
ur0278527	tas1x08	4
ur2467618	tas1x09	4
ur0278527	tas1x09	5
ur9938570	tas1x10	7
ur2467618	tas1x10	6
ur0278527	tas1x10	4
ur0278527	tas1x11	5
ur2467618	tas1x11	5
ur0278527	tas1x12	6
ur2467618	tas1x12	4
ur1919094	tas1x13	6
ur0278527	tas1x13	5
ur2467618	tas1x13	5
ur1919094	tas1x14	9
ur0278527	tas1x14	5
ur2467618	tas1x14	2
ur0278527	tas1x15	6
ur2467618	tas1x15	7
ur2467618	tas1x16	4
ur0278527	tas1x16	4
ur15863785	tas1x16	10
ur1919094	tas2x01	7
ur2467618	tas2x01	6
ur0278527	tas2x01	6
ur9938570	tas2x02	7
ur2467618	tas2x02	4
ur0278527	tas2x02	3
ur16595919	tas2x03	7
ur9938570	tas2x03	7
ur2467618	tas2x03	5
ur0278527	tas2x03	5
ur0278527	tas2x04	6
ur2467618	tas2x04	7
ur1919094	tas2x05	6
ur17868603	tas2x05	7
ur2467618	tas2x05	2
ur0278527	tas2x05	5
ur5946448	tas2x06	6
ur0278527	tas2x06	7
ur2467618	tas2x06	6
ur5807286	tng1x01	7
ur4409266	tng1x01	5
ur2183600	tng1x01	7
ur3270789	tng1x01	7
ur0278527	tng1x01	8
ur2366174	tng1x01	10
ur2183600	tng1x01	7
ur4512442	tng1x01	6
ur15079528	tng1x01	6
ur10762610	tng1x01	9
ur2467618	tng1x01	6
ur1994077	tng1x01	6
ur9938570	tng1x01	7
ur2183600	tng1x01	7
ur48260462	tng1x01	6
ur2483625	tng1x01	8
ur1622306	tng1x01	7
ur0607642	tng1x01	10
ur0298160	tng1x01	2
ur15079528	tng1x03	6
ur5807286	tng1x03	4
ur30164740	tng1x03	2
ur10762610	tng1x03	10
ur2366174	tng1x03	10
ur1994077	tng1x03	4
ur20248185	tng1x03	4
ur93652034	tng1x03	7
ur48260462	tng1x03	5
ur68219224	tng1x03	3
ur0278527	tng1x03	6
ur59364634	tng1x03	3
ur2467618	tng1x03	3
ur20248185	tng1x04	3
ur15079528	tng1x04	5
ur2937440	tng1x04	7
ur8481327	tng1x04	1
ur0278527	tng1x04	4
ur68219224	tng1x04	2
ur10762610	tng1x04	9
ur1994077	tng1x04	3
ur2467618	tng1x04	6
ur2366174	tng1x05	10
ur10762610	tng1x05	7
ur20248185	tng1x05	5
ur0278527	tng1x05	8
ur15079528	tng1x05	6
ur2467618	tng1x05	8
ur68219224	tng1x05	6
ur20248185	tng1x06	6
ur2467618	tng1x06	8
ur15079528	tng1x06	5
ur10762610	tng1x06	10
ur0278527	tng1x06	9
ur2483625	tng1x06	8
ur1994077	tng1x06	7
ur15079528	tng1x07	8
ur0278527	tng1x07	8
ur56061080	tng1x07	3
ur2483625	tng1x07	5
ur10762610	tng1x07	6
ur2467618	tng1x07	6
ur15079528	tng1x08	2
ur2467618	tng1x08	8
ur1824837	tng1x08	4
ur2483625	tng1x08	7
ur0278527	tng1x08	5
ur9096041	tng1x08	3
ur68219224	tng1x08	1
ur10762610	tng1x08	5
ur2467618	tng1x09	9
ur15079528	tng1x09	7
ur10762610	tng1x09	8
ur2483625	tng1x09	6
ur0278527	tng1x09	7
ur15079528	tng1x10	5
ur2467618	tng1x10	5
ur0278527	tng1x10	7
ur2483625	tng1x10	7
ur10762610	tng1x10	7
ur2467618	tng1x11	9
ur10762610	tng1x11	5
ur15079528	tng1x11	8
ur2483625	tng1x11	6
ur0278527	tng1x11	6
ur15079528	tng1x12	7
ur10762610	tng1x12	8
ur9938570	tng1x12	7
ur2467618	tng1x12	3
ur0278527	tng1x12	8
ur1994077	tng1x12	7
ur3477276	tng1x13	4
ur0278527	tng1x13	8
ur10762610	tng1x13	10
ur2483625	tng1x13	6
ur9938570	tng1x13	7
ur1994077	tng1x13	7
ur2467618	tng1x13	9
ur65341965	tng1x14	10
ur0278527	tng1x14	4
ur9938570	tng1x14	5
ur16037821	tng1x14	4
ur2467618	tng1x14	3
ur0611710	tng1x14	1
ur13258440	tng1x14	2
ur10762610	tng1x14	3
ur0656071	tng1x15	10
ur0278527	tng1x15	8
ur10762610	tng1x15	10
ur2467618	tng1x15	8
ur9938570	tng1x15	8
ur2483625	tng1x15	7
ur2467618	tng1x16	5
ur0105327	tng1x16	3
ur0278527	tng1x16	5
ur10762610	tng1x16	6
ur1182322	tng1x16	5
ur16360375	tng1x16	2
ur9938570	tng1x16	8
ur10762610	tng1x17	7
ur2467618	tng1x17	3
ur0278527	tng1x17	6
ur9938570	tng1x17	5
ur0611710	tng1x17	2
ur73755646	tng1x17	7
ur43992346	tng1x17	9
ur0278527	tng1x18	8
ur9938570	tng1x18	8
ur10762610	tng1x18	9
ur2467618	tng1x18	7
ur1816358	tng1x18	7
ur10762610	tng1x19	10
ur2483625	tng1x19	7
ur2467618	tng1x19	8
ur9938570	tng1x19	7
ur69901052	tng1x19	8
ur0278527	tng1x19	6
ur10762610	tng1x20	8
ur9938570	tng1x20	10
ur2467618	tng1x20	9
ur4383254	tng1x20	7
ur0278527	tng1x20	7
ur2483625	tng1x20	6
ur10762610	tng1x21	10
ur2467618	tng1x21	7
ur0278527	tng1x21	8
ur9938570	tng1x21	9
ur48260462	tng1x21	7
ur1182322	tng1x21	9
ur0278527	tng1x22	7
ur10762610	tng1x22	9
ur10372994	tng1x22	7
ur2467618	tng1x22	7
ur9938570	tng1x22	8
ur63807086	tng1x22	7
ur23628322	tng1x23	9
ur12894491	tng1x23	8
ur45492504	tng1x23	9
ur19642256	tng1x23	10
ur9938570	tng1x23	5
ur5807286	tng1x23	5
ur2608971	tng1x23	4
ur10762610	tng1x23	6
ur0278527	tng1x23	8
ur1994077	tng1x23	4
ur2467618	tng1x23	5
ur42485267	tng1x23	4
ur10762610	tng1x24	7
ur0278527	tng1x24	9
ur2366174	tng1x24	10
ur9938570	tng1x24	8
ur2483625	tng1x24	6
ur45676064	tng1x24	1
ur2467618	tng1x24	4
ur2467618	tng1x25	10
ur4178034	tng1x25	9
ur10762610	tng1x25	10
ur4827095	tng1x25	8
ur1994077	tng1x25	8
ur0278527	tng1x25	9
ur2366174	tng1x25	10
ur9938570	tng1x25	7
ur13258440	tng1x25	9
ur0763433	tng1x25	1
ur40103665	tng1x26	9
ur3497785	tng1x26	10
ur10762610	tng1x26	9
ur2467618	tng1x26	6
ur2483625	tng1x26	7
ur49032220	tng1x26	7
ur21198663	tng1x26	7
ur0278527	tng1x26	6
ur4572257	tng1x26	1
ur77384589	tng1x26	8
ur10762610	tng2x01	8
ur4827095	tng2x01	8
ur13258440	tng2x01	3
ur2467618	tng2x01	9
ur2483625	tng2x01	8
ur35553087	tng2x01	5
ur0278527	tng2x01	6
ur20691938	tng2x01	1
ur12426413	tng2x01	8
ur1994077	tng2x01	7
ur37757047	tng2x01	7
ur9938570	tng2x01	6
ur26381442	tng2x01	8
ur2366174	tng2x02	10
ur0278527	tng2x02	7
ur10762610	tng2x02	8
ur9938570	tng2x02	6
ur2483625	tng2x02	5
ur2467618	tng2x02	7
ur0611710	tng2x02	2
ur63029287	tng2x03	8
ur14812370	tng2x03	7
ur2366174	tng2x03	10
ur1994077	tng2x03	9
ur9938570	tng2x03	8
ur2483625	tng2x03	8
ur4572257	tng2x03	4
ur2467618	tng2x03	3
ur0278527	tng2x03	8
ur0008870	tng2x04	4
ur2137029	tng2x04	8
ur2467618	tng2x04	5
ur2366174	tng2x04	10
ur1994077	tng2x04	6
ur9938570	tng2x04	6
ur8601116	tng2x04	5
ur2483625	tng2x04	7
ur0278527	tng2x04	7
ur48260462	tng2x04	7
ur2467618	tng2x05	8
ur9938570	tng2x05	9
ur2366174	tng2x05	10
ur0278527	tng2x05	6
ur48260462	tng2x05	9
ur10762610	tng2x06	10
ur0278527	tng2x06	9
ur9938570	tng2x06	7
ur2366174	tng2x06	10
ur2483625	tng2x06	6
ur13258440	tng2x06	8
ur2467618	tng2x06	9
ur14023386	tng2x07	5
ur12426413	tng2x07	5
ur77384589	tng2x07	9
ur2467618	tng2x07	6
ur10762610	tng2x07	9
ur0278527	tng2x07	6
ur2483625	tng2x07	4
ur9938570	tng2x07	7
ur2366174	tng2x08	10
ur2467618	tng2x08	9
ur0278527	tng2x08	7
ur3707399	tng2x09	10
ur4983622	tng2x09	10
ur14837744	tng2x09	9
ur3243657	tng2x09	10
ur44516076	tng2x09	9
ur10762610	tng2x09	10
ur52120352	tng2x09	10
ur0278527	tng2x09	9
ur0214455	tng2x09	10
ur2467618	tng2x09	9
ur68219224	tng2x09	8
ur1994077	tng2x09	10
ur5946448	tng2x09	8
ur0278527	tng2x10	7
ur2366174	tng2x10	10
ur13258440	tng2x10	7
ur9938570	tng2x10	6
ur20798077	tng2x10	2
ur2467618	tng2x10	4
ur20271156	tng2x11	8
ur2467618	tng2x11	8
ur2366174	tng2x11	10
ur10762610	tng2x11	10
ur0278527	tng2x11	9
ur9938570	tng2x11	9
ur6877305	tng2x12	9
ur3073598	tng2x12	10
ur35553087	tng2x12	10
ur21885947	tng2x12	8
ur0278527	tng2x12	6
ur4040638	tng2x12	1
ur2467618	tng2x12	7
ur5653119	tng2x12	3
ur19278556	tng2x12	6
ur9938570	tng2x12	6
ur1994077	tng2x13	6
ur4572257	tng2x13	4
ur9938570	tng2x13	10
ur2467618	tng2x13	3
ur0278527	tng2x13	10
ur21198663	tng2x13	8
ur0438167	tng2x13	10
ur9938570	tng2x14	8
ur10762610	tng2x14	9
ur2467618	tng2x14	5
ur2483625	tng2x14	6
ur0278527	tng2x14	7
ur23875235	tng2x14	4
ur2366174	tng2x15	10
ur9938570	tng2x15	10
ur0278527	tng2x15	8
ur2467618	tng2x15	7
ur10762610	tng2x15	10
ur14499278	tng2x16	10
ur0278527	tng2x16	9
ur25506029	tng2x16	10
ur2467618	tng2x16	10
ur14812370	tng2x16	8
ur50747281	tng2x16	6
ur2483625	tng2x16	7
ur68219224	tng2x16	10
ur9938570	tng2x16	9
ur0278527	tng2x17	7
ur2467618	tng2x17	8
ur8167002	tng2x17	4
ur19412265	tng2x17	5
ur9938570	tng2x17	6
ur92275636	tng2x17	6
ur5889028	tng2x18	1
ur2467618	tng2x18	3
ur0278527	tng2x18	4
ur5002472	tng2x18	6
ur13258440	tng2x18	3
ur9938570	tng2x18	6
ur2467618	tng2x19	4
ur9938570	tng2x19	5
ur13258440	tng2x19	2
ur0278527	tng2x19	5
ur2483625	tng2x19	8
ur5653119	tng2x20	9
ur9938570	tng2x20	9
ur0278527	tng2x20	9
ur13258440	tng2x20	8
ur2467618	tng2x20	8
ur0278527	tng2x21	9
ur9938570	tng2x21	9
ur4040638	tng2x21	10
ur2467618	tng2x21	8
ur2483625	tng2x21	5
ur4221701	tng2x22	1
ur9274996	tng2x22	1
ur2467618	tng2x22	1
ur4683095	tng2x22	3
ur22321243	tng2x22	3
ur0278527	tng2x22	3
ur9938570	tng2x22	3
ur12426413	tng2x22	8
ur2085491	tng2x22	1
ur48260462	tng2x22	7
ur13819775	tng2x22	3
ur7175759	tng2x22	10
ur21364319	tng2x22	5
ur90480459	tng2x22	7
ur0278527	tng3x01	7
ur1264921	tng3x01	3
ur2467618	tng3x01	5
ur12426413	tng3x01	8
ur9938570	tng3x01	7
ur19569362	tng3x01	5
ur68219224	tng3x01	7
ur12061474	tng3x02	8
ur0278527	tng3x02	9
ur9938570	tng3x02	8
ur2467618	tng3x02	8
ur1994077	tng3x02	8
ur2467618	tng3x03	8
ur19569362	tng3x03	9
ur0278527	tng3x03	9
ur9938570	tng3x03	7
ur4040638	tng3x03	8
ur31492955	tng3x03	8
ur1994077	tng3x03	8
ur43416422	tng3x03	10
ur10609494	tng3x04	9
ur22559424	tng3x04	10
ur10205808	tng3x04	9
ur24644556	tng3x04	10
ur0278527	tng3x04	9
ur9938570	tng3x04	8
ur0444240	tng3x04	7
ur4210122	tng3x04	6
ur2467618	tng3x04	8
ur64976589	tng3x04	1
ur87178334	tng3x04	10
ur67397002	tng3x04	5
ur44034456	tng3x04	8
ur4827095	tng3x04	4
ur73358417	tng3x04	3
ur1994077	tng3x04	7
ur19569362	tng3x04	6
ur18604426	tng3x05	10
ur19638660	tng3x05	7
ur2467618	tng3x05	9
ur21198663	tng3x05	7
ur9938570	tng3x05	8
ur13258440	tng3x05	7
ur0278527	tng3x05	7
ur1994077	tng3x05	9
ur19569362	tng3x05	8
ur30040929	tng3x05	6
ur0278527	tng3x06	9
ur9938570	tng3x06	9
ur19569362	tng3x06	8
ur2467618	tng3x06	7
ur1994077	tng3x06	7
ur22939879	tng3x06	9
ur1576815	tng3x07	9
ur19569362	tng3x07	9
ur3909898	tng3x07	7
ur9938570	tng3x07	8
ur0278527	tng3x07	9
ur2467618	tng3x07	8
ur9938570	tng3x08	5
ur0278527	tng3x08	6
ur19569362	tng3x08	3
ur2467618	tng3x08	3
ur94981019	tng3x08	7
ur0343290	tng3x08	9
ur21198663	tng3x09	5
ur2467618	tng3x09	7
ur7277480	tng3x09	7
ur2366174	tng3x09	10
ur19642256	tng3x09	3
ur0278527	tng3x09	7
ur23104388	tng3x10	10
ur34344275	tng3x10	10
ur0278527	tng3x10	9
ur4040638	tng3x10	10
ur9938570	tng3x10	10
ur2467618	tng3x10	7
ur2483625	tng3x10	6
ur94224418	tng3x10	10
ur61509678	tng3x11	9
ur2467618	tng3x11	9
ur9938570	tng3x11	9
ur0278527	tng3x11	9
ur10762610	tng3x11	10
ur4040638	tng3x11	9
ur2483625	tng3x11	7
ur10762610	tng3x12	10
ur0278527	tng3x12	10
ur2467618	tng3x12	7
ur3303928	tng3x12	8
ur2483625	tng3x12	7
ur9082485	tng3x12	2
ur9938570	tng3x13	8
ur16536535	tng3x13	8
ur2467618	tng3x13	10
ur2483625	tng3x13	6
ur13258440	tng3x13	9
ur0278527	tng3x13	7
ur1656335	tng3x14	7
ur1994077	tng3x14	6
ur2483625	tng3x14	6
ur0278527	tng3x14	7
ur2467618	tng3x14	6
ur13258440	tng3x14	3
ur0336109	tng3x15	10
ur2658254	tng3x15	10
ur10762610	tng3x15	9
ur1994077	tng3x15	10
ur0278527	tng3x15	10
ur12081719	tng3x15	10
ur4572257	tng3x15	10
ur47139861	tng3x15	9
ur2483625	tng3x15	8
ur21198663	tng3x15	9
ur1656335	tng3x15	7
ur1393659	tng3x15	10
ur2467618	tng3x15	6
ur63032753	tng3x15	10
ur23018960	tng3x16	9
ur60122954	tng3x16	10
ur2958948	tng3x16	10
ur9938570	tng3x16	10
ur13977076	tng3x16	9
ur0157517	tng3x16	10
ur0278527	tng3x16	9
ur13258440	tng3x16	9
ur68219224	tng3x16	8
ur2467618	tng3x16	7
ur52017964	tng3x16	10
ur82420941	tng3x16	9
ur10762610	tng3x17	10
ur2467618	tng3x17	9
ur2483625	tng3x17	8
ur1994077	tng3x17	8
ur0278527	tng3x17	9
ur2467618	tng3x18	8
ur0278527	tng3x18	7
ur0278527	tng3x19	8
ur4383254	tng3x19	10
ur2467618	tng3x19	9
ur1994077	tng3x19	7
ur0278527	tng3x20	8
ur16536535	tng3x20	8
ur0106612	tng3x20	10
ur2483625	tng3x20	8
ur13258440	tng3x20	7
ur2467618	tng3x20	3
ur4383254	tng3x20	4
ur2467618	tng3x21	8
ur9938570	tng3x21	7
ur3224514	tng3x21	9
ur1994077	tng3x21	9
ur62701365	tng3x21	8
ur0278527	tng3x21	7
ur5021319	tng3x22	10
ur0278527	tng3x22	9
ur13258440	tng3x22	9
ur85665981	tng3x22	10
ur2483625	tng3x22	7
ur46809683	tng3x22	9
ur2467618	tng3x22	7
ur9096041	tng3x22	7
ur60143613	tng3x22	8
ur9938570	tng3x23	10
ur12295359	tng3x23	10
ur1994077	tng3x23	9
ur2467618	tng3x23	8
ur2483625	tng3x23	8
ur0278527	tng3x23	9
ur2467618	tng3x24	9
ur1994077	tng3x24	6
ur13258440	tng3x24	5
ur0278527	tng3x24	7
ur21118487	tng3x24	3
ur2366174	tng3x24	10
ur0278527	tng3x25	7
ur2467618	tng3x25	6
ur67397002	tng3x25	3
ur2063901	tng3x26	10
ur10762610	tng3x26	10
ur2467618	tng3x26	10
ur1994077	tng3x26	10
ur19278556	tng3x26	10
ur0278527	tng3x26	10
ur62701365	tng3x26	10
ur94601196	tng3x26	10
ur10762610	tng4x01	10
ur2467618	tng4x01	10
ur0278527	tng4x01	10
ur1994077	tng4x01	8
ur9938570	tng4x01	9
ur19278556	tng4x01	9
ur10762610	tng4x02	10
ur0278527	tng4x02	10
ur13258440	tng4x02	9
ur1994077	tng4x02	10
ur2467618	tng4x02	10
ur9938570	tng4x02	10
ur0278527	tng4x03	9
ur2467618	tng4x03	9
ur10762610	tng4x04	9
ur2467618	tng4x04	7
ur4040638	tng4x04	7
ur1186284	tng4x04	10
ur0278527	tng4x04	7
ur2483625	tng4x04	7
ur4487274	tng4x04	8
ur15079528	tng4x05	7
ur19569362	tng4x05	7
ur61059386	tng4x05	10
ur0278527	tng4x05	7
ur2467618	tng4x05	5
ur2349170	tng4x05	1
ur9938570	tng4x05	7
ur2467618	tng4x06	5
ur61059386	tng4x06	6
ur0842971	tng4x06	5
ur0278527	tng4x06	8
ur10762610	tng4x07	10
ur0278527	tng4x07	8
ur2467618	tng4x07	8
ur13258440	tng4x07	9
ur0278527	tng4x08	8
ur2467618	tng4x08	9
ur1994077	tng4x08	7
ur48260462	tng4x08	8
ur56241211	tng4x08	6
ur10251129	tng4x09	1
ur29300152	tng4x09	1
ur12426413	tng4x09	1
ur0278527	tng4x09	3
ur2467618	tng4x09	4
ur13258440	tng4x09	3
ur32620303	tng4x09	1
ur1994077	tng4x09	6
ur62882015	tng4x10	2
ur1002555	tng4x10	3
ur0278527	tng4x10	5
ur1994077	tng4x10	4
ur13258440	tng4x10	2
ur2467618	tng4x10	2
ur28105334	tng4x10	2
ur10762610	tng4x11	10
ur1310548	tng4x11	8
ur0278527	tng4x11	9
ur2467618	tng4x11	6
ur2366174	tng4x12	10
ur20820694	tng4x12	10
ur1419477	tng4x12	8
ur4383254	tng4x12	10
ur1994077	tng4x12	8
ur0278527	tng4x12	10
ur2467618	tng4x12	7
ur2467618	tng4x13	9
ur2366174	tng4x13	10
ur4917786	tng4x13	10
ur94945340	tng4x13	8
ur0278527	tng4x13	4
ur22710664	tng4x13	1
ur9274996	tng4x13	1
ur1002555	tng4x14	7
ur2467618	tng4x14	9
ur1994077	tng4x14	9
ur0278527	tng4x14	7
ur88713926	tng4x14	9
ur22085705	tng4x15	8
ur9847629	tng4x15	7
ur2467618	tng4x15	7
ur0278527	tng4x15	7
ur10762610	tng4x15	10
ur18334430	tng4x15	10
ur34344275	tng4x15	7
ur1994077	tng4x15	8
ur13258440	tng4x15	8
ur12426413	tng4x15	7
ur48091776	tng4x15	8
ur45360762	tng4x16	6
ur2467618	tng4x16	3
ur1994077	tng4x16	7
ur0278527	tng4x16	7
ur13977076	tng4x16	8
ur68219224	tng4x16	6
ur9938570	tng4x17	7
ur21198663	tng4x17	8
ur1002555	tng4x17	8
ur0278527	tng4x17	9
ur2483625	tng4x17	7
ur13977076	tng4x17	9
ur2467618	tng4x17	3
ur35392114	tng4x17	3
ur12426413	tng4x18	9
ur2467618	tng4x18	7
ur0278527	tng4x18	9
ur13977076	tng4x18	7
ur68731081	tng4x18	9
ur2483625	tng4x18	7
ur2467618	tng4x19	9
ur0278527	tng4x19	9
ur41841396	tng4x19	9
ur13977076	tng4x19	8
ur1206439	tng4x20	7
ur0278527	tng4x20	8
ur7736953	tng4x20	9
ur13977076	tng4x20	7
ur2483625	tng4x20	7
ur2467618	tng4x20	7
ur1994077	tng4x20	5
ur2063901	tng4x21	9
ur0735232	tng4x21	8
ur0214455	tng4x21	10
ur0278527	tng4x21	9
ur1931604	tng4x21	8
ur68219224	tng4x21	7
ur2483625	tng4x21	9
ur1994077	tng4x21	9
ur13977076	tng4x21	9
ur2467618	tng4x21	7
ur3782089	tng4x22	8
ur0278527	tng4x22	7
ur2467618	tng4x22	8
ur13977076	tng4x22	8
ur6840797	tng4x22	9
ur2483625	tng4x22	7
ur13977076	tng4x23	7
ur0278527	tng4x23	7
ur24674371	tng4x23	7
ur2467618	tng4x23	7
ur66409133	tng4x23	5
ur12426413	tng4x23	8
ur0278527	tng4x24	8
ur1994077	tng4x24	8
ur13977076	tng4x24	8
ur2467618	tng4x24	8
ur61059386	tng4x24	5
ur0137096	tng4x24	4
ur2366174	tng4x25	10
ur13977076	tng4x25	7
ur2467618	tng4x25	6
ur0278527	tng4x25	7
ur4572257	tng4x26	10
ur0278527	tng4x26	9
ur2467618	tng4x26	8
ur13977076	tng4x26	9
ur10762610	tng5x01	10
ur13977076	tng5x01	8
ur0278527	tng5x01	9
ur2366174	tng5x01	10
ur7681070	tng5x01	10
ur2467618	tng5x01	8
ur2063901	tng5x02	9
ur10762610	tng5x02	10
ur0278527	tng5x02	10
ur2467618	tng5x02	9
ur7736953	tng5x02	9
ur1994077	tng5x02	9
ur9938570	tng5x02	9
ur5021319	tng5x02	8
ur11120802	tng5x02	10
ur13977076	tng5x02	8
ur94945340	tng5x02	4
ur2366174	tng5x03	10
ur1994077	tng5x03	8
ur0278527	tng5x03	8
ur12426413	tng5x03	8
ur13977076	tng5x03	9
ur2467618	tng5x03	7
ur0278527	tng5x04	8
ur12426413	tng5x04	6
ur21198663	tng5x04	7
ur13977076	tng5x04	7
ur19642256	tng5x04	9
ur2467618	tng5x04	6
ur13258440	tng5x04	8
ur69149082	tng5x04	1
ur2845193	tng5x04	3
ur1994077	tng5x04	7
ur0278527	tng5x05	8
ur10762610	tng5x05	10
ur19569362	tng5x05	8
ur1994077	tng5x05	8
ur2366174	tng5x05	10
ur2467618	tng5x05	7
ur13977076	tng5x05	8
ur12426413	tng5x05	5
ur48211847	tng5x05	10
ur21091861	tng5x05	7
ur10251129	tng5x06	8
ur2744923	tng5x06	10
ur0278527	tng5x06	9
ur40753150	tng5x06	6
ur38525595	tng5x06	9
ur2467618	tng5x06	8
ur48260462	tng5x06	4
ur2483625	tng5x06	8
ur55512589	tng5x06	9
ur1994077	tng5x06	6
ur13977076	tng5x06	8
ur13977076	tng5x07	8
ur0278527	tng5x07	8
ur2467618	tng5x07	8
ur20809214	tng5x07	10
ur13977076	tng5x08	8
ur0278527	tng5x08	8
ur2467618	tng5x08	7
ur0635199	tng5x09	9
ur2467618	tng5x09	8
ur20798077	tng5x09	1
ur1994077	tng5x09	7
ur12426413	tng5x09	4
ur13977076	tng5x09	7
ur0278527	tng5x09	6
ur0278527	tng5x10	6
ur2467618	tng5x10	6
ur2483625	tng5x10	7
ur1994077	tng5x10	6
ur13977076	tng5x10	6
ur0278527	tng5x11	6
ur68219224	tng5x11	5
ur2467618	tng5x11	6
ur13977076	tng5x11	7
ur13977076	tng5x12	7
ur0278527	tng5x12	6
ur42177056	tng5x12	1
ur48260462	tng5x12	7
ur44160948	tng5x12	5
ur2467618	tng5x12	3
ur55325756	tng5x12	1
ur83144881	tng5x12	4
ur83483252	tng5x12	1
ur1994077	tng5x12	5
ur21080082	tng5x12	4
ur0278527	tng5x13	8
ur2483625	tng5x13	6
ur32620303	tng5x13	1
ur13977076	tng5x13	7
ur24780783	tng5x13	5
ur2467618	tng5x13	6
ur10762610	tng5x14	10
ur6273177	tng5x14	8
ur0278527	tng5x14	8
ur13977076	tng5x14	9
ur9938570	tng5x14	8
ur1994077	tng5x14	8
ur12426413	tng5x14	7
ur2309372	tng5x14	6
ur0278527	tng5x15	8
ur2467618	tng5x15	8
ur1994077	tng5x15	7
ur2483625	tng5x15	6
ur13977076	tng5x15	8
ur69915367	tng5x15	8
ur0278527	tng5x16	7
ur2467618	tng5x16	7
ur13977076	tng5x16	6
ur30040929	tng5x16	7
ur2483625	tng5x16	7
ur1994077	tng5x16	6
ur11432299	tng5x16	5
ur0247809	tng5x16	4
ur2467618	tng5x17	7
ur14985979	tng5x17	4
ur8625528	tng5x17	9
ur4572257	tng5x17	5
ur40753150	tng5x17	3
ur13977076	tng5x17	7
ur2366174	tng5x17	5
ur2483625	tng5x17	9
ur17347722	tng5x17	1
ur6392394	tng5x17	4
ur0278527	tng5x17	5
ur81313300	tng5x17	7
ur1994077	tng5x17	7
ur13258440	tng5x17	2
ur49626442	tng5x17	2
ur4457556	tng5x18	10
ur4178034	tng5x18	9
ur2063901	tng5x18	9
ur2366174	tng5x18	10
ur1994077	tng5x18	10
ur0278527	tng5x18	10
ur13977076	tng5x18	8
ur1604200	tng5x18	10
ur7202635	tng5x18	10
ur2467618	tng5x18	2
ur0156048	tng5x19	5
ur1957279	tng5x19	9
ur2366174	tng5x19	10
ur13977076	tng5x19	9
ur2483625	tng5x19	8
ur0278527	tng5x19	5
ur2467618	tng5x19	7
ur11587163	tng5x19	3
ur1994077	tng5x19	7
ur0278527	tng5x20	7
ur2467618	tng5x20	6
ur2483625	tng5x20	7
ur2366174	tng5x20	10
ur13977076	tng5x20	8
ur1679909	tng5x21	10
ur0278527	tng5x21	9
ur18845412	tng5x21	9
ur13977076	tng5x21	8
ur5058835	tng5x21	9
ur1994077	tng5x21	8
ur37161638	tng5x21	10
ur2467618	tng5x21	8
ur6391849	tng5x21	3
ur2366174	tng5x21	10
ur17860311	tng5x22	10
ur0278527	tng5x22	4
ur13977076	tng5x22	5
ur2467618	tng5x22	3
ur10762610	tng5x23	10
ur8003406	tng5x23	9
ur2467618	tng5x23	9
ur0278527	tng5x23	6
ur1994077	tng5x23	8
ur13977076	tng5x23	9
ur8146441	tng5x23	7
ur23129016	tng5x23	9
ur21885947	tng5x24	9
ur13977076	tng5x24	9
ur2467618	tng5x24	8
ur0611710	tng5x24	4
ur0278527	tng5x24	9
ur4487274	tng5x24	5
ur22741061	tng5x24	10
ur1994077	tng5x24	7
ur1419477	tng5x25	10
ur7354469	tng5x25	10
ur18784278	tng5x25	10
ur3274830	tng5x25	9
ur9274996	tng5x25	10
ur3547713	tng5x25	10
ur14509620	tng5x25	10
ur21254691	tng5x25	10
ur5906848	tng5x25	9
ur22056244	tng5x25	10
ur10762610	tng5x25	10
ur32615265	tng5x25	10
ur2562782	tng5x25	10
ur2467618	tng5x25	10
ur28798388	tng5x25	10
ur5368428	tng5x25	10
ur85037117	tng5x25	10
ur6055498	tng5x25	10
ur1826470	tng5x25	10
ur2366174	tng5x26	10
ur0278527	tng5x26	9
ur21198663	tng5x26	9
ur13977076	tng5x26	8
ur1994077	tng5x26	6
ur2483625	tng5x26	7
ur2467618	tng5x26	8
ur62651726	tng5x26	3
ur2366174	tng6x01	10
ur35793214	tng6x01	5
ur4572257	tng6x01	6
ur20002883	tng6x01	8
ur2483625	tng6x01	6
ur1994077	tng6x01	7
ur13977076	tng6x01	7
ur2467618	tng6x01	7
ur62651726	tng6x01	2
ur19774467	tng6x01	8
ur0278527	tng6x01	8
ur9938570	tng6x02	7
ur66409133	tng6x02	7
ur13977076	tng6x02	8
ur2467618	tng6x02	6
ur2483625	tng6x02	8
ur0278527	tng6x02	8
ur2467618	tng6x03	6
ur2376422	tng6x03	4
ur2366174	tng6x03	10
ur0278527	tng6x03	7
ur13977076	tng6x03	7
ur48260462	tng6x03	3
ur7316623	tng6x04	10
ur7736953	tng6x04	10
ur10762610	tng6x04	10
ur9938570	tng6x04	10
ur2467618	tng6x04	7
ur1994077	tng6x04	8
ur13977076	tng6x04	9
ur0278527	tng6x04	6
ur7736953	tng6x05	8
ur2467618	tng6x05	8
ur7748564	tng6x05	7
ur13977076	tng6x05	9
ur4572257	tng6x05	5
ur0278527	tng6x05	7
ur1994077	tng6x05	8
ur9938570	tng6x05	8
ur1656335	tng6x05	5
ur41701982	tng6x05	10
ur0278527	tng6x06	8
ur2467618	tng6x06	7
ur13977076	tng6x06	7
ur23104388	tng6x07	10
ur10762610	tng6x07	10
ur1994077	tng6x07	5
ur0278527	tng6x07	9
ur2366174	tng6x07	10
ur2467618	tng6x07	7
ur0570901	tng6x07	7
ur62768152	tng6x07	1
ur2483625	tng6x07	7
ur12879465	tng6x07	7
ur65109636	tng6x07	4
ur13977076	tng6x07	8
ur10762610	tng6x08	10
ur2366174	tng6x08	10
ur0278527	tng6x08	8
ur69915367	tng6x08	8
ur12879465	tng6x08	6
ur1994077	tng6x08	7
ur13977076	tng6x08	8
ur2467618	tng6x08	6
ur10762610	tng6x09	10
ur0278527	tng6x09	8
ur2366174	tng6x09	10
ur12879465	tng6x09	9
ur2467618	tng6x09	7
ur13977076	tng6x09	7
ur1234929	tng6x10	10
ur5807286	tng6x10	9
ur3447130	tng6x10	10
ur0735232	tng6x10	7
ur11732355	tng6x10	3
ur47654121	tng6x10	3
ur0278527	tng6x10	9
ur29054191	tng6x10	10
ur2467618	tng6x10	8
ur2483625	tng6x10	7
ur1994077	tng6x10	7
ur13977076	tng6x10	9
ur23772122	tng6x10	10
ur78787679	tng6x10	1
ur6458242	tng6x10	9
ur8151627	tng6x11	10
ur9916892	tng6x11	10
ur11394651	tng6x11	9
ur0278527	tng6x11	10
ur2467618	tng6x11	9
ur13977076	tng6x11	10
ur1994077	tng6x11	10
ur2483625	tng6x11	8
ur80894512	tng6x11	10
ur69915367	tng6x11	9
ur0278527	tng6x12	9
ur1234929	tng6x12	8
ur1994077	tng6x12	8
ur8247656	tng6x12	9
ur2366342	tng6x12	9
ur12879465	tng6x12	7
ur13977076	tng6x12	8
ur2467618	tng6x12	3
ur25094490	tng6x12	8
ur3056003	tng6x13	8
ur2467618	tng6x13	2
ur4572257	tng6x13	2
ur9938570	tng6x13	5
ur28626160	tng6x13	4
ur0278527	tng6x13	6
ur12879465	tng6x13	6
ur13977076	tng6x13	7
ur2366174	tng6x13	10
ur12237217	tng6x13	7
ur4572257	tng6x14	10
ur2467618	tng6x14	9
ur0278527	tng6x14	8
ur12879465	tng6x14	10
ur13977076	tng6x14	9
ur14812370	tng6x15	10
ur10251129	tng6x15	10
ur52017964	tng6x15	10
ur2467618	tng6x15	10
ur21128364	tng6x15	9
ur1994077	tng6x15	9
ur12879465	tng6x15	10
ur13977076	tng6x15	9
ur10695262	tng6x15	3
ur0278527	tng6x15	7
ur2467618	tng6x16	6
ur0278527	tng6x16	7
ur13977076	tng6x16	8
ur2366174	tng6x16	10
ur2467618	tng6x17	7
ur0278527	tng6x17	7
ur13977076	tng6x17	7
ur57277003	tng6x17	2
ur2366174	tng6x17	10
ur92205171	tng6x17	5
ur2366174	tng6x18	10
ur0278527	tng6x18	8
ur12426413	tng6x18	7
ur12879465	tng6x18	4
ur1994077	tng6x18	7
ur4383254	tng6x18	7
ur2467618	tng6x18	10
ur2483625	tng6x18	8
ur13258440	tng6x18	9
ur13977076	tng6x18	9
ur0278527	tng6x19	9
ur0735232	tng6x19	6
ur16536535	tng6x19	8
ur13977076	tng6x19	8
ur0247809	tng6x19	3
ur2467618	tng6x19	8
ur12879465	tng6x19	7
ur0582293	tng6x20	9
ur7480177	tng6x20	9
ur5368428	tng6x20	5
ur0278527	tng6x20	8
ur1994077	tng6x20	7
ur12879465	tng6x20	5
ur33264613	tng6x20	10
ur6512149	tng6x20	8
ur2467618	tng6x20	6
ur13977076	tng6x20	8
ur4331811	tng6x21	9
ur10621269	tng6x21	10
ur0278527	tng6x21	9
ur9938570	tng6x21	8
ur1994077	tng6x21	8
ur2467618	tng6x21	9
ur12879465	tng6x21	8
ur66409133	tng6x21	9
ur13977076	tng6x21	10
ur13258440	tng6x21	9
ur18595882	tng6x21	10
ur2744923	tng6x21	1
ur4331811	tng6x22	5
ur0278527	tng6x22	7
ur2366174	tng6x22	10
ur24674371	tng6x22	2
ur34344275	tng6x22	7
ur2467618	tng6x22	8
ur2483625	tng6x22	6
ur12879465	tng6x22	6
ur13977076	tng6x22	7
ur9938570	tng6x22	7
ur10762610	tng6x23	10
ur4331811	tng6x23	8
ur0278527	tng6x23	6
ur13977076	tng6x23	8
ur2483625	tng6x23	7
ur12879465	tng6x23	7
ur2467618	tng6x23	7
ur9938570	tng6x23	7
ur4331811	tng6x24	8
ur0278527	tng6x24	8
ur13977076	tng6x24	9
ur68178011	tng6x24	6
ur1994077	tng6x24	8
ur2467618	tng6x24	7
ur12879465	tng6x24	8
ur4383254	tng6x25	6
ur13977076	tng6x25	9
ur0278527	tng6x25	8
ur2483625	tng6x25	5
ur1994077	tng6x25	7
ur2467618	tng6x25	5
ur4572257	tng6x26	3
ur2467618	tng6x26	9
ur13977076	tng6x26	9
ur0278527	tng6x26	8
ur2366174	tng6x26	10
ur11732355	tng6x26	5
ur1994077	tng6x26	6
ur2467618	tng7x01	9
ur2366174	tng7x01	10
ur0611710	tng7x01	3
ur2376422	tng7x01	5
ur13977076	tng7x01	9
ur0278527	tng7x01	9
ur1994077	tng7x01	7
ur19829410	tng7x01	8
ur13258440	tng7x01	4
ur13977076	tng7x02	7
ur9938570	tng7x02	6
ur2467618	tng7x02	7
ur0278527	tng7x02	7
ur0278527	tng7x03	6
ur19569362	tng7x03	3
ur2483625	tng7x03	5
ur1994077	tng7x03	5
ur13977076	tng7x03	6
ur2467618	tng7x03	6
ur13977076	tng7x04	8
ur2366174	tng7x04	10
ur2467618	tng7x04	7
ur1994077	tng7x04	7
ur0278527	tng7x04	8
ur9096041	tng7x04	8
ur0278527	tng7x05	8
ur13977076	tng7x05	8
ur2366174	tng7x05	10
ur1994077	tng7x05	5
ur2467618	tng7x05	7
ur2467618	tng7x06	8
ur0278527	tng7x06	8
ur13977076	tng7x06	8
ur3584481	tng7x07	8
ur63255990	tng7x07	10
ur13977076	tng7x07	7
ur0278527	tng7x07	8
ur0105327	tng7x07	1
ur32338226	tng7x07	10
ur2467618	tng7x07	8
ur22324271	tng7x07	8
ur13258440	tng7x07	8
ur0278527	tng7x08	8
ur13977076	tng7x08	8
ur1994077	tng7x08	7
ur2467618	tng7x08	9
ur13977076	tng7x09	6
ur2467618	tng7x09	3
ur36947098	tng7x09	1
ur0278527	tng7x09	6
ur2483625	tng7x09	6
ur92275636	tng7x09	2
ur1994077	tng7x09	6
ur9508143	tng7x09	7
ur33264613	tng7x09	7
ur0278527	tng7x10	9
ur2366174	tng7x10	10
ur13977076	tng7x10	7
ur1994077	tng7x10	7
ur2467618	tng7x10	8
ur13977076	tng7x11	9
ur0278527	tng7x11	9
ur2467618	tng7x11	4
ur66409133	tng7x11	8
ur1627197	tng7x11	5
ur24931284	tng7x11	10
ur3056003	tng7x11	5
ur1994077	tng7x11	7
ur3056003	tng7x12	10
ur66409133	tng7x12	8
ur52413412	tng7x12	5
ur2467618	tng7x12	8
ur13977076	tng7x12	8
ur0278527	tng7x12	8
ur13258440	tng7x12	5
ur1994077	tng7x12	9
ur2467618	tng7x13	8
ur59176444	tng7x13	2
ur13977076	tng7x13	6
ur0280697	tng7x13	3
ur0278527	tng7x13	6
ur12426413	tng7x13	5
ur2483625	tng7x13	8
ur70569876	tng7x13	6
ur6385581	tng7x14	1
ur5021319	tng7x14	1
ur14302383	tng7x14	1
ur19569362	tng7x14	2
ur13977076	tng7x14	5
ur1244559	tng7x14	7
ur11279785	tng7x14	10
ur2467618	tng7x14	2
ur27854953	tng7x14	1
ur2366174	tng7x14	10
ur48260462	tng7x14	7
ur65243464	tng7x14	5
ur68178011	tng7x14	7
ur0278527	tng7x14	6
ur1994077	tng7x14	4
ur11365974	tng7x14	10
ur0278527	tng7x15	8
ur10762610	tng7x15	10
ur52017964	tng7x15	10
ur2467618	tng7x15	9
ur22761455	tng7x15	10
ur1994077	tng7x15	9
ur13977076	tng7x15	9
ur42756299	tng7x15	1
ur13977076	tng7x16	8
ur9735007	tng7x16	7
ur2467618	tng7x16	8
ur2366174	tng7x16	10
ur0278527	tng7x16	9
ur1604200	tng7x16	6
ur0278527	tng7x17	4
ur1915548	tng7x17	8
ur7486579	tng7x17	8
ur4572257	tng7x17	3
ur12044919	tng7x17	4
ur4040638	tng7x17	4
ur19569362	tng7x17	2
ur68178011	tng7x17	3
ur0859635	tng7x17	2
ur12129387	tng7x17	7
ur2467618	tng7x17	5
ur48260462	tng7x17	6
ur13977076	tng7x17	7
ur19569362	tng7x18	4
ur13977076	tng7x18	6
ur0236717	tng7x18	4
ur0278527	tng7x18	7
ur32027655	tng7x18	4
ur2467618	tng7x18	4
ur17109717	tng7x19	2
ur10885539	tng7x19	10
ur2366174	tng7x19	10
ur0278527	tng7x19	5
ur2467618	tng7x19	7
ur55050626	tng7x19	1
ur21198663	tng7x19	8
ur13977076	tng7x19	7
ur37757047	tng7x19	9
ur56207267	tng7x19	9
ur23621284	tng7x19	9
ur44431822	tng7x19	10
ur2483625	tng7x19	5
ur0236717	tng7x20	5
ur29886727	tng7x20	1
ur48454086	tng7x20	3
ur2467618	tng7x20	2
ur0278527	tng7x20	5
ur8852823	tng7x20	8
ur4040638	tng7x20	5
ur42485267	tng7x20	5
ur2483625	tng7x20	9
ur13977076	tng7x20	6
ur0278527	tng7x21	7
ur2467618	tng7x21	5
ur45073667	tng7x21	9
ur13977076	tng7x21	6
ur0278527	tng7x22	7
ur2467618	tng7x22	7
ur2483625	tng7x22	6
ur13977076	tng7x22	7
ur0278527	tng7x23	8
ur4040638	tng7x23	1
ur10762610	tng7x23	3
ur2467618	tng7x23	3
ur13977076	tng7x23	5
ur2483625	tng7x23	4
ur19569362	tng7x23	7
ur58246513	tng7x23	5
ur19569362	tng7x24	9
ur23258208	tng7x24	4
ur0278527	tng7x24	8
ur13977076	tng7x24	9
ur2483625	tng7x24	8
ur2467618	tng7x24	7
ur2087791	tng7x25	10
ur4886345	tng7x25	10
ur0134618	tng7x25	10
ur0144911	tng7x25	8
ur7645637	tng7x25	10
ur0295541	tng7x25	9
ur2724485	tng7x25	10
ur0369700	tng7x25	10
ur1367786	tng7x25	10
ur0174426	tng7x25	9
ur7123315	tng7x25	10
ur10762610	tng7x25	10
ur4458210	tng7x25	9
ur15327507	tng7x25	9
ur0250655	tng7x25	10
ur0298160	tng7x25	8
ur2183600	tng7x25	9
ur2183600	tng7x25	9
ur75531291	tng7x25	10
ur18008241	tng7x25	10
ur2467618	tng7x25	7
ur13977076	tng7x25	10
ur0342623	tos0x01	7
ur4067661	tos0x01	8
ur6207631	tos0x01	7
ur1162550	tos0x01	8
ur1530907	tos0x01	10
ur3274830	tos0x01	8
ur13993997	tos0x01	8
ur1559834	tos0x01	10
ur13022713	tos0x01	10
ur2610246	tos0x01	10
ur2467618	tos0x01	9
ur38397624	tos0x01	9
ur6105284	tos0x01	9
ur2707735	tos0x01	8
ur13977076	tos0x01	8
ur2183600	tos0x01	7
ur0493442	tos0x01	10
ur2366174	tos0x01	10
ur2950235	tos0x01	8
ur1717743	tos0x01	8
ur6207631	tos1x01	7
ur5156288	tos1x01	8
ur12371785	tos1x01	6
ur9096041	tos1x01	8
ur2181355	tos1x01	9
ur2707735	tos1x01	7
ur70232234	tos1x01	7
ur15881532	tos1x01	5
ur0278527	tos1x01	8
ur0119773	tos1x01	6
ur16517420	tos1x01	6
ur24564507	tos1x01	9
ur19278556	tos1x01	9
ur13977076	tos1x01	8
ur68112294	tos1x01	8
ur23233649	tos1x01	9
ur2467618	tos1x01	7
ur2483625	tos1x01	5
ur0968021	tos1x01	5
ur40296555	tos1x01	6
ur9938570	tos1x01	7
ur35635716	tos1x01	7
ur5946448	tos1x01	7
ur6207631	tos1x02	7
ur5156288	tos1x02	8
ur2810983	tos1x02	7
ur13977076	tos1x02	9
ur0278527	tos1x02	7
ur10507168	tos1x02	10
ur70232234	tos1x02	7
ur2707735	tos1x02	7
ur2467618	tos1x02	5
ur17868603	tos1x02	5
ur32403035	tos1x02	7
ur2483625	tos1x02	5
ur35635716	tos1x02	8
ur9938570	tos1x02	8
ur0968021	tos1x02	2
ur68112294	tos1x02	8
ur43992346	tos1x02	7
ur9380098	tos1x02	7
ur0453228	tos1x02	5
ur6207631	tos1x03	8
ur5156288	tos1x03	10
ur0872844	tos1x03	10
ur7383416	tos1x03	10
ur1994077	tos1x03	8
ur2483625	tos1x03	8
ur2183600	tos1x03	8
ur3270789	tos1x03	7
ur15881532	tos1x03	9
ur2366174	tos1x03	10
ur16517420	tos1x03	7
ur19723088	tos1x03	10
ur1850993	tos1x03	9
ur21885947	tos1x03	10
ur2183600	tos1x03	8
ur13977076	tos1x03	8
ur15079528	tos1x03	8
ur68112294	tos1x03	7
ur23233649	tos1x03	7
ur74931296	tos1x03	10
ur70232234	tos1x03	9
ur6207631	tos1x04	9
ur5156288	tos1x04	8
ur4132855	tos1x04	10
ur2707735	tos1x04	7
ur6822728	tos1x04	10
ur2467618	tos1x04	9
ur1994077	tos1x04	8
ur0278527	tos1x04	8
ur70232234	tos1x04	8
ur0968021	tos1x04	7
ur68112294	tos1x04	9
ur35635716	tos1x04	9
ur13977076	tos1x04	8
ur6207631	tos1x05	8
ur11015875	tos1x05	9
ur4844615	tos1x05	9
ur11394651	tos1x05	9
ur0453068	tos1x05	9
ur1994077	tos1x05	8
ur0278527	tos1x05	7
ur5156288	tos1x05	10
ur45020579	tos1x05	5
ur35635716	tos1x05	8
ur13977076	tos1x05	8
ur2707735	tos1x05	8
ur68112294	tos1x05	8
ur70232234	tos1x05	7
ur0453228	tos1x05	8
ur5946448	tos1x05	8
ur62685107	tos1x05	10
ur9938570	tos1x05	9
ur2467618	tos1x05	6
ur0968021	tos1x05	2
ur11966504	tos1x05	8
ur6207631	tos1x06	6
ur13022713	tos1x06	6
ur5156288	tos1x06	8
ur0278527	tos1x06	5
ur67809669	tos1x06	1
ur70232234	tos1x06	3
ur2467618	tos1x06	7
ur13977076	tos1x06	8
ur2707735	tos1x06	8
ur9938570	tos1x06	6
ur35635716	tos1x06	8
ur0968021	tos1x06	5
ur68112294	tos1x06	6
ur1994077	tos1x06	6
ur10762610	tos1x06	7
ur6207631	tos1x07	8
ur5156288	tos1x07	9
ur2467618	tos1x07	8
ur16595919	tos1x07	9
ur9938570	tos1x07	7
ur2483625	tos1x07	6
ur6414077	tos1x07	9
ur0278527	tos1x07	8
ur12371785	tos1x07	10
ur5946448	tos1x07	7
ur0968021	tos1x07	7
ur35635716	tos1x07	8
ur13977076	tos1x07	7
ur2707735	tos1x07	7
ur9380098	tos1x07	6
ur2810983	tos1x07	8
ur70232234	tos1x07	7
ur19672774	tos1x07	5
ur36873093	tos1x07	7
ur68112294	tos1x07	7
ur2707735	tos1x08	7
ur5156288	tos1x08	10
ur2467618	tos1x08	7
ur14586238	tos1x08	6
ur13977076	tos1x08	7
ur6207631	tos1x08	6
ur36873093	tos1x08	3
ur0278527	tos1x08	7
ur1530907	tos1x08	10
ur49472650	tos1x08	4
ur0453228	tos1x08	7
ur6822728	tos1x08	5
ur83144881	tos1x08	9
ur70232234	tos1x08	5
ur68112294	tos1x08	7
ur0968021	tos1x08	8
ur2483625	tos1x08	6
ur65243464	tos1x08	8
ur35635716	tos1x08	8
ur6207631	tos1x09	7
ur5156288	tos1x09	9
ur5306299	tos1x09	8
ur11394651	tos1x09	8
ur9938570	tos1x09	8
ur0598319	tos1x09	8
ur0278527	tos1x09	8
ur2467618	tos1x09	8
ur2366174	tos1x09	10
ur35635716	tos1x09	7
ur4067661	tos1x09	7
ur2707735	tos1x09	8
ur9380098	tos1x09	2
ur2483625	tos1x09	6
ur83144881	tos1x09	10
ur70232234	tos1x09	7
ur68112294	tos1x09	6
ur60043153	tos1x09	7
ur13977076	tos1x09	7
ur7379242	tos1x09	8
ur40296555	tos1x09	8
ur0968021	tos1x09	4
ur3824745	tos1x10	9
ur6207631	tos1x10	7
ur12969256	tos1x10	10
ur13285450	tos1x10	8
ur29610365	tos1x10	10
ur5156288	tos1x10	9
ur2707735	tos1x10	8
ur6822728	tos1x10	10
ur2483625	tos1x10	7
ur23233649	tos1x10	8
ur2467618	tos1x10	8
ur68112294	tos1x10	8
ur70232234	tos1x10	7
ur0119773	tos1x10	10
ur62685107	tos1x10	9
ur35635716	tos1x10	7
ur13977076	tos1x10	8
ur0278527	tos1x10	7
ur1994077	tos1x10	7
ur43845065	tos1x10	10
ur0968021	tos1x10	7
ur6207631	tos1x11	8
ur5156288	tos1x11	10
ur1945219	tos1x11	9
ur25283578	tos1x11	7
ur3716009	tos1x11	10
ur2707735	tos1x11	9
ur19278556	tos1x11	9
ur0278527	tos1x11	8
ur22339977	tos1x11	9
ur16517420	tos1x11	7
ur2467618	tos1x11	6
ur70232234	tos1x11	8
ur68112294	tos1x11	8
ur2366174	tos1x11	10
ur35635716	tos1x11	8
ur13977076	tos1x11	9
ur2483625	tos1x11	7
ur5946448	tos1x11	7
ur60043153	tos1x11	7
ur6207631	tos1x12	8
ur5156288	tos1x12	10
ur13977076	tos1x12	9
ur2483625	tos1x12	7
ur19278556	tos1x12	10
ur0278527	tos1x12	9
ur2366174	tos1x12	10
ur2707735	tos1x12	9
ur35635716	tos1x12	8
ur1679577	tos1x12	10
ur0968021	tos1x12	7
ur70232234	tos1x12	7
ur68112294	tos1x12	8
ur60043153	tos1x12	7
ur6207631	tos1x13	7
ur0968021	tos1x13	4
ur2707735	tos1x13	7
ur2063901	tos1x13	8
ur0560415	tos1x13	9
ur0955884	tos1x13	10
ur2483625	tos1x13	8
ur4844615	tos1x13	8
ur70232234	tos1x13	6
ur68112294	tos1x13	6
ur0278527	tos1x13	8
ur2467618	tos1x13	7
ur0394025	tos1x13	9
ur9938570	tos1x13	7
ur62685107	tos1x13	8
ur13977076	tos1x13	8
ur0499632	tos1x13	8
ur35635716	tos1x13	7
ur28129891	tos1x13	7
ur6207631	tos1x14	9
ur2483625	tos1x14	9
ur10181491	tos1x14	10
ur1994077	tos1x14	9
ur8205044	tos1x14	9
ur15881532	tos1x14	10
ur0278527	tos1x14	9
ur5156288	tos1x14	10
ur2467618	tos1x14	10
ur13022713	tos1x14	10
ur2707735	tos1x14	10
ur35635716	tos1x14	9
ur0560415	tos1x14	10
ur16041345	tos1x14	9
ur3823734	tos1x14	9
ur2205819	tos1x14	9
ur13977076	tos1x14	10
ur41683517	tos1x14	9
ur0968021	tos1x14	6
ur9938570	tos1x14	10
ur5326056	tos1x14	10
ur83144881	tos1x14	10
ur5156288	tos1x15	8
ur3824745	tos1x15	7
ur6207631	tos1x15	10
ur2467618	tos1x15	9
ur17868603	tos1x15	8
ur4844615	tos1x15	7
ur16517420	tos1x15	7
ur9380098	tos1x15	9
ur0453228	tos1x15	6
ur2707735	tos1x15	8
ur0968021	tos1x15	3
ur60043153	tos1x15	7
ur13977076	tos1x15	8
ur9938570	tos1x15	7
ur0278527	tos1x15	6
ur36594886	tos1x15	8
ur56424401	tos1x15	10
ur91123566	tos1x15	10
ur24931284	tos1x15	9
ur70232234	tos1x15	4
ur68112294	tos1x15	7
ur61592821	tos1x15	5
ur53233562	tos1x16	8
ur2393347	tos1x16	8
ur2483625	tos1x16	8
ur3824745	tos1x16	6
ur0955884	tos1x16	7
ur18364191	tos1x16	5
ur13351004	tos1x16	5
ur6207631	tos1x16	8
ur3519967	tos1x16	9
ur13977076	tos1x16	8
ur5156288	tos1x16	9
ur0278527	tos1x16	8
ur1919094	tos1x16	8
ur1009318	tos1x16	4
ur62685107	tos1x16	9
ur2707735	tos1x16	7
ur2467618	tos1x16	6
ur0968021	tos1x16	5
ur70232234	tos1x16	7
ur68112294	tos1x16	7
ur35635716	tos1x16	8
ur23733135	tos1x16	8
ur9938570	tos1x16	10
ur6207631	tos1x17	8
ur0968021	tos1x17	7
ur3824745	tos1x17	7
ur5156288	tos1x17	8
ur2467618	tos1x17	7
ur62685107	tos1x17	6
ur1530907	tos1x17	10
ur2707735	tos1x17	7
ur70232234	tos1x17	7
ur13977076	tos1x17	8
ur2483625	tos1x17	7
ur0278527	tos1x17	4
ur68112294	tos1x17	7
ur35635716	tos1x17	8
ur9938570	tos1x17	7
ur5946448	tos1x17	7
ur5156288	tos1x18	10
ur6207631	tos1x18	9
ur3824745	tos1x18	5
ur0968021	tos1x18	6
ur2467618	tos1x18	8
ur1994077	tos1x18	9
ur15881532	tos1x18	7
ur9938570	tos1x18	8
ur2707735	tos1x18	8
ur74931296	tos1x18	10
ur70232234	tos1x18	6
ur68112294	tos1x18	7
ur62685107	tos1x18	7
ur35635716	tos1x18	7
ur2815596	tos1x18	9
ur23437475	tos1x18	9
ur13977076	tos1x18	8
ur36873093	tos1x18	10
ur0278527	tos1x18	8
ur24895598	tos1x18	7
ur23233649	tos1x18	6
ur23397984	tos1x18	10
ur60043153	tos1x18	6
ur3824745	tos1x19	7
ur6207631	tos1x19	7
ur2707735	tos1x19	7
ur5156288	tos1x19	10
ur13977076	tos1x19	7
ur10947769	tos1x19	10
ur9938570	tos1x19	8
ur35635716	tos1x19	8
ur0278527	tos1x19	7
ur2483625	tos1x19	6
ur70232234	tos1x19	7
ur68112294	tos1x19	8
ur14845297	tos1x19	9
ur62685107	tos1x19	9
ur2467618	tos1x19	7
ur24818200	tos1x19	5
ur0968021	tos1x19	5
ur6207631	tos1x20	7
ur3824745	tos1x20	6
ur35635716	tos1x20	7
ur15881532	tos1x20	8
ur5156288	tos1x20	7
ur13977076	tos1x20	7
ur2467618	tos1x20	6
ur2483625	tos1x20	7
ur2366174	tos1x20	10
ur2937440	tos1x20	7
ur70232234	tos1x20	6
ur57663958	tos1x20	7
ur0526303	tos1x20	10
ur68112294	tos1x20	7
ur5946448	tos1x20	7
ur62685107	tos1x20	7
ur9938570	tos1x20	7
ur2707735	tos1x20	7
ur0968021	tos1x20	6
ur0278527	tos1x20	6
ur1994077	tos1x20	7
ur3391939	tos1x21	7
ur3824745	tos1x21	7
ur12371785	tos1x21	7
ur6207631	tos1x21	7
ur2707735	tos1x21	9
ur4844615	tos1x21	6
ur2483625	tos1x21	8
ur13977076	tos1x21	8
ur2467618	tos1x21	7
ur1530907	tos1x21	10
ur22476212	tos1x21	7
ur2366174	tos1x21	10
ur0968021	tos1x21	2
ur35635716	tos1x21	8
ur3699259	tos1x21	10
ur0453228	tos1x21	8
ur9938570	tos1x21	7
ur0278527	tos1x21	6
ur4693077	tos1x21	6
ur2810983	tos1x21	8
ur11732355	tos1x21	5
ur70232234	tos1x21	8
ur68112294	tos1x21	8
ur6207631	tos1x22	9
ur3824745	tos1x22	8
ur10181491	tos1x22	10
ur0453068	tos1x22	10
ur4838150	tos1x22	10
ur0278527	tos1x22	10
ur2483625	tos1x22	7
ur2467618	tos1x22	7
ur2707735	tos1x22	8
ur13977076	tos1x22	8
ur9938570	tos1x22	7
ur3699259	tos1x22	9
ur70232234	tos1x22	8
ur68112294	tos1x22	8
ur65243464	tos1x22	7
ur0968021	tos1x22	7
ur1994077	tos1x22	8
ur62685107	tos1x22	7
ur35635716	tos1x22	9
ur0453228	tos1x22	9
ur6207631	tos1x23	8
ur2467618	tos1x23	9
ur12661002	tos1x23	8
ur2707735	tos1x23	8
ur3824745	tos1x23	7
ur4425671	tos1x23	7
ur0278527	tos1x23	9
ur24931284	tos1x23	9
ur13977076	tos1x23	8
ur0968021	tos1x23	5
ur15881532	tos1x23	9
ur62685107	tos1x23	7
ur35635716	tos1x23	7
ur9938570	tos1x23	5
ur2483625	tos1x23	8
ur83144881	tos1x23	10
ur70232234	tos1x23	8
ur68112294	tos1x23	6
ur0955884	tos1x23	10
ur23847704	tos1x23	3
ur6207631	tos1x24	10
ur14181795	tos1x24	10
ur4838150	tos1x24	10
ur3824745	tos1x24	9
ur2467618	tos1x24	8
ur0278527	tos1x24	8
ur20001834	tos1x24	10
ur1530907	tos1x24	10
ur14381261	tos1x24	8
ur0968021	tos1x24	8
ur2707735	tos1x24	8
ur68547908	tos1x24	9
ur74931296	tos1x24	10
ur70232234	tos1x24	8
ur13977076	tos1x24	8
ur2483625	tos1x24	4
ur68112294	tos1x24	8
ur55694669	tos1x24	10
ur62685107	tos1x24	8
ur35635716	tos1x24	9
ur9938570	tos1x24	5
ur6207631	tos1x25	8
ur2707735	tos1x25	7
ur3824745	tos1x25	8
ur6962590	tos1x25	10
ur21885947	tos1x25	10
ur9938570	tos1x25	8
ur0968021	tos1x25	8
ur2467618	tos1x25	5
ur2483625	tos1x25	8
ur1994077	tos1x25	8
ur13977076	tos1x25	9
ur0119773	tos1x25	10
ur70232234	tos1x25	8
ur1319404	tos1x25	4
ur62685107	tos1x25	9
ur19278556	tos1x25	7
ur35635716	tos1x25	7
ur1530907	tos1x25	10
ur13981839	tos1x25	8
ur21283688	tos1x25	9
ur40569466	tos1x25	7
ur68112294	tos1x25	8
ur34226907	tos1x25	7
ur9380098	tos1x26	9
ur6207631	tos1x26	8
ur24639301	tos1x26	9
ur2483625	tos1x26	8
ur2467618	tos1x26	8
ur0278527	tos1x26	8
ur2707735	tos1x26	7
ur3824745	tos1x26	9
ur16517420	tos1x26	8
ur1530907	tos1x26	10
ur13977076	tos1x26	9
ur70232234	tos1x26	9
ur47286619	tos1x26	9
ur9938570	tos1x26	8
ur0968021	tos1x26	7
ur40569466	tos1x26	4
ur68112294	tos1x26	7
ur35635716	tos1x26	9
ur6207631	tos1x27	5
ur0440461	tos1x27	3
ur2393347	tos1x27	1
ur12661002	tos1x27	1
ur0968021	tos1x27	5
ur0894014	tos1x27	1
ur0561445	tos1x27	5
ur2054619	tos1x27	5
ur3824745	tos1x27	5
ur2707735	tos1x27	7
ur26630755	tos1x27	7
ur0168447	tos1x27	8
ur16517420	tos1x27	3
ur2467618	tos1x27	3
ur6822728	tos1x27	3
ur58932142	tos1x27	9
ur23712958	tos1x27	1
ur70232234	tos1x27	6
ur15881532	tos1x27	6
ur61592821	tos1x27	5
ur34226907	tos1x27	7
ur62685107	tos1x27	2
ur35635716	tos1x27	8
ur9938570	tos1x27	3
ur6207631	tos1x28	10
ur0560415	tos1x28	10
ur16517420	tos1x28	9
ur10606103	tos1x28	10
ur3824745	tos1x28	10
ur0819028	tos1x28	10
ur2483625	tos1x28	8
ur4897259	tos1x28	10
ur9613921	tos1x28	10
ur12371785	tos1x28	10
ur36885769	tos1x28	10
ur0278527	tos1x28	10
ur9088491	tos1x28	10
ur9096041	tos1x28	6
ur2707735	tos1x28	9
ur2467618	tos1x28	10
ur9938570	tos1x28	10
ur24931284	tos1x28	10
ur34769182	tos1x28	10
ur0968021	tos1x28	8
ur10947769	tos1x28	7
ur6207631	tos1x29	7
ur3824745	tos1x29	7
ur1919094	tos1x29	8
ur5946448	tos1x29	6
ur0968021	tos1x29	7
ur2707735	tos1x29	7
ur2483625	tos1x29	7
ur13977076	tos1x29	8
ur9938570	tos1x29	9
ur0278527	tos1x29	7
ur35635716	tos1x29	8
ur70232234	tos1x29	6
ur2467618	tos1x29	7
ur11732355	tos1x29	8
ur68112294	tos1x29	7
ur19278556	tos1x29	7
ur6207631	tos2x01	9
ur0829007	tos2x01	10
ur16595919	tos2x01	10
ur2707735	tos2x01	10
ur0278527	tos2x01	9
ur9938570	tos2x01	10
ur0968021	tos2x01	8
ur35635716	tos2x01	8
ur5946448	tos2x01	9
ur12423088	tos2x01	10
ur13977076	tos2x01	9
ur1530907	tos2x01	10
ur21296427	tos2x01	10
ur0453228	tos2x01	9
ur1994077	tos2x01	7
ur62685107	tos2x01	9
ur2467618	tos2x01	7
ur70232234	tos2x01	9
ur21885947	tos2x01	10
ur2483625	tos2x01	5
ur68112294	tos2x01	7
ur6207631	tos2x02	7
ur51381575	tos2x02	10
ur9380098	tos2x02	7
ur16353638	tos2x02	8
ur2707735	tos2x02	7
ur35635716	tos2x02	7
ur30942195	tos2x02	1
ur0968021	tos2x02	9
ur62685107	tos2x02	5
ur11711273	tos2x02	6
ur4092266	tos2x02	8
ur13977076	tos2x02	7
ur2483625	tos2x02	5
ur2467618	tos2x02	2
ur19278556	tos2x02	7
ur0278527	tos2x02	4
ur70232234	tos2x02	5
ur68112294	tos2x02	6
ur6207631	tos2x03	8
ur0278527	tos2x03	6
ur19278556	tos2x03	8
ur23047315	tos2x03	7
ur9938570	tos2x03	7
ur0968021	tos2x03	5
ur9380098	tos2x03	3
ur2707735	tos2x03	7
ur35635716	tos2x03	8
ur6822728	tos2x03	7
ur13977076	tos2x03	7
ur27046804	tos2x03	7
ur62685107	tos2x03	8
ur2483625	tos2x03	7
ur70232234	tos2x03	7
ur4900008	tos2x03	8
ur2467618	tos2x03	7
ur68112294	tos2x03	8
ur6207631	tos2x04	10
ur14020010	tos2x04	9
ur2467618	tos2x04	10
ur9380098	tos2x04	10
ur2063901	tos2x04	9
ur53575344	tos2x04	10
ur0278527	tos2x04	9
ur9938570	tos2x04	10
ur1252750	tos2x04	8
ur0968021	tos2x04	9
ur70232234	tos2x04	10
ur61592821	tos2x04	7
ur2483625	tos2x04	8
ur13977076	tos2x04	9
ur15881532	tos2x04	9
ur2707735	tos2x04	8
ur68112294	tos2x04	8
ur0453228	tos2x04	10
ur62685107	tos2x04	9
ur35635716	tos2x04	9
ur5946448	tos2x04	8
ur24931284	tos2x04	10
ur3274830	tos2x04	9
ur6207631	tos2x05	6
ur3824745	tos2x05	3
ur19278556	tos2x05	6
ur2467618	tos2x05	4
ur62685107	tos2x05	1
ur2483625	tos2x05	7
ur0278527	tos2x05	3
ur0968021	tos2x05	3
ur9938570	tos2x05	5
ur13977076	tos2x05	7
ur10908784	tos2x05	5
ur2707735	tos2x05	6
ur70232234	tos2x05	6
ur61592821	tos2x05	5
ur35635716	tos2x05	7
ur68112294	tos2x05	6
ur3824745	tos2x06	8
ur6207631	tos2x06	10
ur6962590	tos2x06	10
ur2150184	tos2x06	10
ur0560415	tos2x06	9
ur16595919	tos2x06	10
ur14181454	tos2x06	8
ur7383416	tos2x06	10
ur6822728	tos2x06	10
ur3909102	tos2x06	10
ur2383591	tos2x06	10
ur0278527	tos2x06	9
ur15881532	tos2x06	10
ur9938570	tos2x06	10
ur3656953	tos2x06	9
ur9380098	tos2x06	9
ur3487239	tos2x06	10
ur35635716	tos2x06	8
ur53233562	tos2x06	10
ur13977076	tos2x06	9
ur20709369	tos2x06	10
ur70232234	tos2x06	8
ur60043153	tos2x07	10
ur3824745	tos2x07	5
ur6207631	tos2x07	6
ur62685107	tos2x07	5
ur13977076	tos2x07	7
ur2366174	tos2x07	10
ur0968021	tos2x07	6
ur68547908	tos2x07	4
ur9938570	tos2x07	3
ur2707735	tos2x07	7
ur0278527	tos2x07	2
ur2467618	tos2x07	3
ur2483625	tos2x07	4
ur70232234	tos2x07	4
ur68112294	tos2x07	6
ur31946674	tos2x07	8
ur19278556	tos2x07	7
ur35635716	tos2x07	9
ur6207631	tos2x08	8
ur3824745	tos2x08	6
ur47788319	tos2x08	3
ur0968021	tos2x08	5
ur0278527	tos2x08	7
ur40569466	tos2x08	4
ur2483625	tos2x08	9
ur1319404	tos2x08	5
ur2467618	tos2x08	10
ur23117969	tos2x08	10
ur2707735	tos2x08	8
ur70232234	tos2x08	4
ur68112294	tos2x08	6
ur87290957	tos2x08	8
ur5946448	tos2x08	7
ur13977076	tos2x08	7
ur35635716	tos2x08	9
ur36594886	tos2x08	8
ur9938570	tos2x08	6
ur3824745	tos2x09	9
ur7383416	tos2x09	10
ur6207631	tos2x09	7
ur12371785	tos2x09	8
ur11966504	tos2x09	10
ur5502087	tos2x09	7
ur2707735	tos2x09	7
ur1319404	tos2x09	5
ur39985971	tos2x09	7
ur0278527	tos2x09	8
ur25551775	tos2x09	1
ur2063901	tos2x09	8
ur2467618	tos2x09	6
ur17868603	tos2x09	6
ur56315212	tos2x09	1
ur61592821	tos2x09	5
ur12661002	tos2x09	3
ur68112294	tos2x09	6
ur9568141	tos2x09	8
ur2483625	tos2x09	8
ur6207631	tos2x10	9
ur2467618	tos2x10	8
ur3824745	tos2x10	9
ur0139258	tos2x10	10
ur0278527	tos2x10	9
ur13977076	tos2x10	9
ur2707735	tos2x10	8
ur9938570	tos2x10	10
ur90655739	tos2x10	9
ur70232234	tos2x10	8
ur68112294	tos2x10	8
ur62685107	tos2x10	9
ur35635716	tos2x10	9
ur2483625	tos2x10	8
ur0968021	tos2x10	7
ur61592821	tos2x10	1
ur5946448	tos2x10	8
ur6207631	tos2x11	7
ur0968021	tos2x11	5
ur3824745	tos2x11	6
ur9380098	tos2x11	7
ur2707735	tos2x11	7
ur35635716	tos2x11	7
ur9938570	tos2x11	5
ur19278556	tos2x11	8
ur0278527	tos2x11	4
ur2467618	tos2x11	7
ur13977076	tos2x11	7
ur57721272	tos2x11	8
ur74931296	tos2x11	7
ur70232234	tos2x11	7
ur2483625	tos2x11	6
ur68112294	tos2x11	7
ur6207631	tos2x12	7
ur12661002	tos2x12	8
ur3824745	tos2x12	5
ur2467618	tos2x12	7
ur35635716	tos2x12	8
ur2707735	tos2x12	7
ur40569466	tos2x12	8
ur70232234	tos2x12	6
ur68112294	tos2x12	6
ur0119773	tos2x12	6
ur9938570	tos2x12	9
ur13977076	tos2x12	8
ur0968021	tos2x12	5
ur2483625	tos2x12	6
ur62685107	tos2x12	7
ur19278556	tos2x12	6
ur0278527	tos2x12	7
ur0139258	tos2x13	10
ur3824745	tos2x13	9
ur6207631	tos2x13	8
ur2483625	tos2x13	7
ur2707735	tos2x13	7
ur0278527	tos2x13	7
ur8279029	tos2x13	7
ur2467618	tos2x13	6
ur3594596	tos2x13	10
ur70232234	tos2x13	7
ur5946448	tos2x13	8
ur35635716	tos2x13	7
ur13977076	tos2x13	7
ur9938570	tos2x13	9
ur68112294	tos2x13	7
ur61592821	tos2x13	1
ur1936411	tos2x14	7
ur6207631	tos2x14	7
ur2467618	tos2x14	8
ur35635716	tos2x14	8
ur16517420	tos2x14	8
ur5946448	tos2x14	5
ur2707735	tos2x14	7
ur13977076	tos2x14	8
ur0278527	tos2x14	8
ur19278556	tos2x14	5
ur62685107	tos2x14	5
ur2483625	tos2x14	9
ur68112294	tos2x14	7
ur61592821	tos2x14	5
ur9938570	tos2x14	8
ur0119773	tos2x14	9
ur70232234	tos2x14	5
ur6207631	tos2x15	10
ur2467618	tos2x15	9
ur2707735	tos2x15	8
ur0278527	tos2x15	9
ur2483625	tos2x15	9
ur24931284	tos2x15	10
ur11394651	tos2x15	8
ur35635716	tos2x15	8
ur5946448	tos2x15	8
ur0629611	tos2x15	8
ur2079400	tos2x15	10
ur13022713	tos2x15	10
ur2608971	tos2x15	5
ur70232234	tos2x15	6
ur68112294	tos2x15	7
ur61592821	tos2x15	7
ur0453228	tos2x15	8
ur1994077	tos2x15	7
ur9938570	tos2x15	10
ur13977076	tos2x15	9
ur6962590	tos2x15	1
ur62685107	tos2x15	1
ur6822728	tos2x16	7
ur6207631	tos2x16	7
ur2467618	tos2x16	7
ur0139258	tos2x16	8
ur0278527	tos2x16	7
ur2483625	tos2x16	5
ur57744935	tos2x16	9
ur2707735	tos2x16	7
ur0453228	tos2x16	10
ur9938570	tos2x16	6
ur13977076	tos2x16	7
ur19278556	tos2x16	7
ur5946448	tos2x16	6
ur70232234	tos2x16	5
ur62685107	tos2x16	7
ur68112294	tos2x16	6
ur21106035	tos2x17	9
ur0139258	tos2x17	10
ur6207631	tos2x17	8
ur0560415	tos2x17	7
ur16595919	tos2x17	9
ur13022713	tos2x17	10
ur2707735	tos2x17	8
ur4067661	tos2x17	10
ur0278527	tos2x17	9
ur2467618	tos2x17	10
ur0453228	tos2x17	6
ur35635716	tos2x17	9
ur9938570	tos2x17	10
ur13977076	tos2x17	8
ur24931284	tos2x17	10
ur2483625	tos2x17	8
ur16517420	tos2x17	5
ur62685107	tos2x17	10
ur74931296	tos2x17	7
ur70232234	tos2x17	7
ur68112294	tos2x17	7
ur4444373	tos2x18	10
ur0139258	tos2x18	10
ur6207631	tos2x18	7
ur2707735	tos2x18	7
ur16595919	tos2x18	8
ur9938570	tos2x18	10
ur35635716	tos2x18	8
ur2483625	tos2x18	7
ur9380098	tos2x18	9
ur6822728	tos2x18	9
ur2467618	tos2x18	8
ur62685107	tos2x18	7
ur13977076	tos2x18	7
ur0278527	tos2x18	8
ur70232234	tos2x18	7
ur68112294	tos2x18	8
ur61592821	tos2x18	7
ur12661002	tos2x18	5
ur6207631	tos2x19	7
ur2707735	tos2x19	7
ur0139258	tos2x19	10
ur29888097	tos2x19	5
ur10478451	tos2x19	8
ur13977076	tos2x19	7
ur2483625	tos2x19	8
ur56315212	tos2x19	10
ur70232234	tos2x19	6
ur68112294	tos2x19	7
ur2467618	tos2x19	5
ur35635716	tos2x19	7
ur9938570	tos2x19	5
ur0706518	tos2x19	3
ur0278527	tos2x19	7
ur6207631	tos2x20	8
ur35887773	tos2x20	7
ur0278527	tos2x20	7
ur0139258	tos2x20	9
ur0960268	tos2x20	9
ur13977076	tos2x20	8
ur2467618	tos2x20	7
ur2707735	tos2x20	7
ur39985971	tos2x20	8
ur34115530	tos2x20	5
ur19685363	tos2x20	7
ur70232234	tos2x20	6
ur68112294	tos2x20	7
ur1994077	tos2x20	6
ur33264613	tos2x20	7
ur62685107	tos2x20	7
ur35635716	tos2x20	7
ur9938570	tos2x20	8
ur6207631	tos2x21	7
ur0139258	tos2x21	10
ur12085374	tos2x21	9
ur3824745	tos2x21	7
ur4827095	tos2x21	5
ur0278527	tos2x21	6
ur0955446	tos2x21	10
ur2483625	tos2x21	8
ur2810983	tos2x21	8
ur74931296	tos2x21	8
ur70232234	tos2x21	6
ur68112294	tos2x21	6
ur0453228	tos2x21	7
ur62685107	tos2x21	8
ur9938570	tos2x21	7
ur60043153	tos2x21	10
ur13977076	tos2x21	8
ur2707735	tos2x21	7
ur2467618	tos2x21	7
ur73427461	tos2x21	10
ur6207631	tos2x22	8
ur2467618	tos2x22	7
ur0139258	tos2x22	10
ur9938570	tos2x22	7
ur13977076	tos2x22	8
ur1691052	tos2x22	7
ur2707735	tos2x22	7
ur62685107	tos2x22	7
ur65243464	tos2x22	7
ur83144881	tos2x22	9
ur70232234	tos2x22	5
ur68112294	tos2x22	8
ur2483625	tos2x22	3
ur35635716	tos2x22	8
ur0278527	tos2x22	7
ur6207631	tos2x23	7
ur0139258	tos2x23	6
ur2467618	tos2x23	1
ur0560415	tos2x23	2
ur5404110	tos2x23	1
ur12969256	tos2x23	10
ur12661002	tos2x23	7
ur2707735	tos2x23	7
ur19278556	tos2x23	5
ur6523639	tos2x23	1
ur6822728	tos2x23	6
ur60255130	tos2x23	1
ur17868603	tos2x23	5
ur0278527	tos2x23	4
ur14457490	tos2x23	7
ur38094635	tos2x23	10
ur35635716	tos2x23	8
ur49143062	tos2x23	10
ur62685107	tos2x23	3
ur13977076	tos2x23	6
ur70232234	tos2x23	2
ur68112294	tos2x23	5
ur0139258	tos2x24	10
ur6822728	tos2x24	10
ur6207631	tos2x24	8
ur2483625	tos2x24	8
ur35635716	tos2x24	9
ur16595919	tos2x24	10
ur0214455	tos2x24	10
ur0278527	tos2x24	7
ur69914448	tos2x24	9
ur16517420	tos2x24	7
ur70232234	tos2x24	8
ur68112294	tos2x24	6
ur87290957	tos2x24	8
ur62685107	tos2x24	7
ur0560415	tos2x24	8
ur5946448	tos2x24	8
ur4092266	tos2x24	9
ur13977076	tos2x24	8
ur2707735	tos2x24	8
ur11394651	tos2x24	8
ur2467618	tos2x24	7
ur9938570	tos2x24	10
ur6207631	tos2x25	8
ur0139258	tos2x25	10
ur0278527	tos2x25	6
ur15881532	tos2x25	10
ur20607626	tos2x25	3
ur2810983	tos2x25	6
ur17868603	tos2x25	5
ur16595919	tos2x25	9
ur10947769	tos2x25	8
ur1264921	tos2x25	1
ur0447341	tos2x25	5
ur2707735	tos2x25	7
ur6652148	tos2x25	8
ur9274996	tos2x25	7
ur9380098	tos2x25	7
ur70232234	tos2x25	5
ur9938570	tos2x25	7
ur13977076	tos2x25	7
ur68112294	tos2x25	6
ur0453228	tos2x25	8
ur62685107	tos2x25	9
ur2483625	tos2x25	5
ur2366174	tos2x25	10
ur0139258	tos2x26	8
ur6207631	tos2x26	8
ur7838341	tos2x26	10
ur2467618	tos2x26	8
ur1691052	tos2x26	7
ur3191782	tos2x26	8
ur35635716	tos2x26	9
ur11966504	tos2x26	8
ur2483625	tos2x26	8
ur0499632	tos2x26	5
ur13977076	tos2x26	9
ur19278556	tos2x26	8
ur16517420	tos2x26	7
ur4067661	tos2x26	8
ur9938570	tos2x26	7
ur40569466	tos2x26	6
ur7743887	tos2x26	10
ur0278527	tos2x26	6
ur61592821	tos2x26	1
ur62685107	tos2x26	4
ur19412175	tos2x26	10
ur70232234	tos2x26	8
ur62611801	tos3x01	8
ur6207631	tos3x01	4
ur11410161	tos3x01	10
ur13977076	tos3x01	7
ur16595919	tos3x01	2
ur6822728	tos3x01	6
ur40569466	tos3x01	1
ur19278556	tos3x01	7
ur35635716	tos3x01	7
ur2707735	tos3x01	6
ur0877585	tos3x01	4
ur2467618	tos3x01	2
ur19569362	tos3x01	3
ur0453228	tos3x01	6
ur11394651	tos3x01	7
ur14053007	tos3x01	10
ur5390611	tos3x01	8
ur28236017	tos3x01	10
ur0560415	tos3x01	3
ur53233562	tos3x01	3
ur2483625	tos3x01	4
ur0278527	tos3x01	4
ur87294961	tos3x01	2
ur70232234	tos3x01	6
ur2467618	tos3x02	8
ur6207631	tos3x02	8
ur0560415	tos3x02	6
ur16595919	tos3x02	10
ur0278527	tos3x02	8
ur7383416	tos3x02	10
ur2483625	tos3x02	7
ur9938570	tos3x02	8
ur40569466	tos3x02	8
ur2707735	tos3x02	9
ur70232234	tos3x02	9
ur61592821	tos3x02	1
ur68112294	tos3x02	7
ur35635716	tos3x02	9
ur13977076	tos3x02	9
ur40902090	tos3x02	10
ur88154289	tos3x02	8
ur62685107	tos3x02	9
ur5946448	tos3x02	8
ur4491052	tos3x03	10
ur16595919	tos3x03	8
ur10169091	tos3x03	10
ur13977076	tos3x03	8
ur19278556	tos3x03	8
ur6207631	tos3x03	6
ur52596118	tos3x03	9
ur0139258	tos3x03	7
ur17868603	tos3x03	4
ur2467618	tos3x03	5
ur40569466	tos3x03	3
ur79677921	tos3x03	8
ur0278527	tos3x03	6
ur83144881	tos3x03	10
ur70232234	tos3x03	5
ur61592821	tos3x03	5
ur68112294	tos3x03	6
ur9938570	tos3x03	6
ur2707735	tos3x03	7
ur2483625	tos3x03	5
ur35635716	tos3x03	7
ur40569466	tos3x04	1
ur6207631	tos3x04	5
ur16595919	tos3x04	3
ur2467618	tos3x04	3
ur4466644	tos3x04	7
ur2483625	tos3x04	4
ur9938570	tos3x04	2
ur0278527	tos3x04	3
ur0560415	tos3x04	6
ur19278556	tos3x04	5
ur79677921	tos3x04	1
ur2707735	tos3x04	7
ur13977076	tos3x04	6
ur11966504	tos3x04	8
ur1691052	tos3x04	8
ur2810983	tos3x04	3
ur70232234	tos3x04	2
ur79113277	tos3x04	10
ur61592821	tos3x04	5
ur68112294	tos3x04	4
ur83144881	tos3x04	7
ur35635716	tos3x04	7
ur79562150	tos3x04	10
ur40569466	tos3x05	8
ur6207631	tos3x05	6
ur17868603	tos3x05	6
ur5221668	tos3x05	4
ur2707735	tos3x05	7
ur2467618	tos3x05	4
ur16517420	tos3x05	4
ur79677921	tos3x05	7
ur1691052	tos3x05	3
ur13977076	tos3x05	7
ur15881532	tos3x05	3
ur83144881	tos3x05	9
ur88154289	tos3x05	7
ur70232234	tos3x05	4
ur68112294	tos3x05	5
ur62685107	tos3x05	6
ur9938570	tos3x05	7
ur1448650	tos3x05	4
ur0278527	tos3x05	6
ur0862914	tos3x05	9
ur35635716	tos3x05	7
ur6207631	tos3x06	7
ur1691052	tos3x06	10
ur9380098	tos3x06	9
ur2707735	tos3x06	8
ur0278527	tos3x06	8
ur24674371	tos3x06	9
ur33198264	tos3x06	8
ur83144881	tos3x06	10
ur0453228	tos3x06	7
ur62685107	tos3x06	9
ur35635716	tos3x06	8
ur0139258	tos3x06	9
ur79677921	tos3x06	8
ur9938570	tos3x06	8
ur13977076	tos3x06	8
ur4067661	tos3x06	6
ur70232234	tos3x06	5
ur68112294	tos3x06	7
ur16517420	tos3x06	3
ur5221668	tos3x06	1
ur40569466	tos3x06	1
ur2467618	tos3x06	2
ur19278556	tos3x06	5
ur6207631	tos3x07	8
ur16595919	tos3x07	9
ur2483625	tos3x07	7
ur9380098	tos3x07	9
ur2707735	tos3x07	7
ur40569466	tos3x07	5
ur79677921	tos3x07	10
ur9938570	tos3x07	7
ur35635716	tos3x07	9
ur0278527	tos3x07	7
ur70232234	tos3x07	8
ur61592821	tos3x07	6
ur68112294	tos3x07	8
ur0453228	tos3x07	6
ur5946448	tos3x07	7
ur2467618	tos3x07	3
ur13977076	tos3x07	8
ur2483625	tos3x08	7
ur16595919	tos3x08	7
ur6207631	tos3x08	6
ur14911279	tos3x08	9
ur8167002	tos3x08	7
ur21365807	tos3x08	10
ur13977076	tos3x08	7
ur2707735	tos3x08	7
ur0278527	tos3x08	7
ur3699259	tos3x08	5
ur70232234	tos3x08	5
ur79677921	tos3x08	7
ur61592821	tos3x08	10
ur2467618	tos3x08	6
ur0955884	tos3x08	8
ur68112294	tos3x08	6
ur12881756	tos3x08	9
ur35635716	tos3x08	7
ur70744061	tos3x08	5
ur9938570	tos3x08	6
ur40569466	tos3x08	6
ur24299714	tos3x08	6
ur62685107	tos3x08	6
ur11672584	tos3x09	10
ur0278527	tos3x09	9
ur1691052	tos3x09	9
ur16595919	tos3x09	9
ur19079299	tos3x09	7
ur6207631	tos3x09	7
ur16353638	tos3x09	7
ur9938570	tos3x09	8
ur11966504	tos3x09	7
ur17373721	tos3x09	8
ur35635716	tos3x09	9
ur13977076	tos3x09	9
ur2707735	tos3x09	7
ur70232234	tos3x09	7
ur2467618	tos3x09	6
ur40569466	tos3x09	5
ur61592821	tos3x09	6
ur68112294	tos3x09	8
ur16517420	tos3x10	6
ur6207631	tos3x10	7
ur2707735	tos3x10	7
ur2467618	tos3x10	7
ur2483625	tos3x10	6
ur0278527	tos3x10	6
ur40569466	tos3x10	1
ur19278556	tos3x10	6
ur70232234	tos3x10	5
ur35635716	tos3x10	9
ur13977076	tos3x10	7
ur14451602	tos3x10	10
ur62685107	tos3x10	7
ur9938570	tos3x10	7
ur68112294	tos3x10	5
ur6207631	tos3x11	7
ur10169091	tos3x11	8
ur2707735	tos3x11	8
ur13977076	tos3x11	7
ur0278527	tos3x11	7
ur2366174	tos3x11	10
ur2467618	tos3x11	8
ur2810983	tos3x11	8
ur1691052	tos3x11	9
ur40569466	tos3x11	7
ur19278556	tos3x11	8
ur2483625	tos3x11	7
ur62685107	tos3x11	8
ur35635716	tos3x11	7
ur70232234	tos3x11	6
ur61592821	tos3x11	8
ur0453228	tos3x11	6
ur9938570	tos3x11	5
ur68112294	tos3x11	7
ur6962590	tos3x12	10
ur16220320	tos3x12	6
ur9380098	tos3x12	9
ur6207631	tos3x12	4
ur77039621	tos3x12	10
ur0278527	tos3x12	7
ur13431754	tos3x12	8
ur2483625	tos3x12	8
ur17868603	tos3x12	2
ur35635716	tos3x12	8
ur1354314	tos3x12	5
ur13977076	tos3x12	8
ur9938570	tos3x12	8
ur40569466	tos3x12	3
ur2467618	tos3x12	4
ur5541121	tos3x12	1
ur61592821	tos3x12	6
ur70232234	tos3x12	10
ur68112294	tos3x12	6
ur13022783	tos3x12	2
ur1875932	tos3x12	6
ur0139258	tos3x13	9
ur6207631	tos3x13	7
ur10701258	tos3x13	9
ur8460911	tos3x13	9
ur2241914	tos3x13	8
ur2707735	tos3x13	7
ur30771837	tos3x13	9
ur16595919	tos3x13	6
ur70232234	tos3x13	3
ur2467618	tos3x13	6
ur18697718	tos3x13	6
ur2483625	tos3x13	7
ur35635716	tos3x13	7
ur70536643	tos3x13	10
ur13977076	tos3x13	8
ur11966504	tos3x13	1
ur0278527	tos3x13	6
ur68112294	tos3x13	5
ur2366174	tos3x13	10
ur9938570	tos3x13	6
ur40569466	tos3x13	2
ur19278556	tos3x13	8
ur2483625	tos3x14	8
ur6207631	tos3x14	7
ur2467618	tos3x14	7
ur2707735	tos3x14	8
ur19278556	tos3x14	7
ur35635716	tos3x14	7
ur19569362	tos3x14	5
ur9108700	tos3x14	10
ur9380098	tos3x14	5
ur13977076	tos3x14	8
ur0042310	tos3x14	7
ur17070901	tos3x14	7
ur1706250	tos3x14	8
ur70232234	tos3x14	4
ur68112294	tos3x14	6
ur2366174	tos3x14	10
ur9938570	tos3x14	6
ur62685107	tos3x14	7
ur0278527	tos3x14	6
ur0278527	tos3x15	7
ur6207631	tos3x15	6
ur2707735	tos3x15	9
ur1691052	tos3x15	8
ur16595919	tos3x15	6
ur2467618	tos3x15	6
ur48931015	tos3x15	6
ur1316099	tos3x15	6
ur7383416	tos3x15	10
ur40569466	tos3x15	6
ur29589386	tos3x15	7
ur9938570	tos3x15	7
ur70232234	tos3x15	6
ur13977076	tos3x15	7
ur35635716	tos3x15	9
ur2483625	tos3x15	5
ur62685107	tos3x15	5
ur11151606	tos3x15	5
ur19278556	tos3x15	9
ur19723088	tos3x15	1
ur3638366	tos3x15	3
ur68112294	tos3x15	8
ur87290957	tos3x15	8
ur2707735	tos3x16	6
ur14080833	tos3x16	6
ur6207631	tos3x16	5
ur40569466	tos3x16	4
ur13977076	tos3x16	6
ur16207880	tos3x16	5
ur16595919	tos3x16	4
ur2467618	tos3x16	4
ur2483625	tos3x16	9
ur35635716	tos3x16	8
ur0278527	tos3x16	5
ur70232234	tos3x16	5
ur61592821	tos3x16	6
ur68112294	tos3x16	7
ur62685107	tos3x16	7
ur9938570	tos3x16	5
ur16517420	tos3x17	7
ur9380098	tos3x17	7
ur2393347	tos3x17	7
ur40569466	tos3x17	4
ur16595919	tos3x17	6
ur60438834	tos3x17	8
ur2483625	tos3x17	6
ur2707735	tos3x17	6
ur13977076	tos3x17	7
ur6207631	tos3x17	5
ur35635716	tos3x17	7
ur2467618	tos3x17	6
ur11461928	tos3x17	1
ur13296185	tos3x17	10
ur11966504	tos3x17	6
ur1691052	tos3x17	4
ur70232234	tos3x17	4
ur0278527	tos3x17	3
ur3699259	tos3x17	5
ur68112294	tos3x17	5
ur78737414	tos3x17	10
ur2707735	tos3x18	6
ur6207631	tos3x18	3
ur3599032	tos3x18	8
ur2467618	tos3x18	4
ur6822728	tos3x18	3
ur40569466	tos3x18	5
ur9938570	tos3x18	5
ur2483625	tos3x18	5
ur69473269	tos3x18	9
ur35635716	tos3x18	7
ur13977076	tos3x18	7
ur0278527	tos3x18	7
ur70232234	tos3x18	5
ur61592821	tos3x18	1
ur62685107	tos3x18	4
ur2904081	tos3x18	6
ur68112294	tos3x18	5
ur6207631	tos3x19	8
ur0278527	tos3x19	7
ur22183294	tos3x19	10
ur40569466	tos3x19	4
ur14077981	tos3x19	7
ur2810983	tos3x19	10
ur16595919	tos3x19	8
ur6822728	tos3x19	7
ur2483625	tos3x19	8
ur19278556	tos3x19	5
ur15881532	tos3x19	5
ur2467618	tos3x19	8
ur27460327	tos3x19	7
ur35635716	tos3x19	8
ur9938570	tos3x19	7
ur11966504	tos3x19	8
ur88291637	tos3x19	10
ur5572398	tos3x19	7
ur0515407	tos3x19	7
ur68119559	tos3x19	5
ur70232234	tos3x19	6
ur61592821	tos3x19	8
ur54665268	tos3x20	9
ur29376519	tos3x20	6
ur60043153	tos3x20	9
ur19655264	tos3x20	10
ur8137828	tos3x20	10
ur1448650	tos3x20	6
ur8618868	tos3x20	8
ur16517420	tos3x20	1
ur35635716	tos3x20	8
ur2483625	tos3x20	6
ur2707735	tos3x20	6
ur11394651	tos3x20	8
ur40569466	tos3x20	1
ur2366174	tos3x20	10
ur6822728	tos3x20	9
ur0611710	tos3x20	10
ur16747093	tos3x20	2
ur19278556	tos3x20	1
ur6207631	tos3x20	4
ur2467618	tos3x20	2
ur14077981	tos3x20	1
ur16595919	tos3x20	1
ur5172142	tos3x20	1
ur4014744	tos3x20	3
ur75863401	tos3x20	7
ur2366174	tos3x21	10
ur14451602	tos3x21	8
ur6207631	tos3x21	6
ur2467618	tos3x21	7
ur2483625	tos3x21	7
ur2707735	tos3x21	7
ur35635716	tos3x21	8
ur13977076	tos3x21	8
ur16595919	tos3x21	7
ur5306299	tos3x21	10
ur0278527	tos3x21	6
ur70232234	tos3x21	5
ur9938570	tos3x21	5
ur40569466	tos3x21	5
ur3699259	tos3x21	6
ur83144881	tos3x21	8
ur62685107	tos3x21	6
ur68112294	tos3x21	6
ur19278556	tos3x21	8
ur6207631	tos3x22	7
ur16595919	tos3x22	7
ur19278556	tos3x22	4
ur19632125	tos3x22	2
ur40569466	tos3x22	3
ur2707735	tos3x22	7
ur9938570	tos3x22	8
ur19655264	tos3x22	8
ur0453228	tos3x22	6
ur62685107	tos3x22	7
ur13977076	tos3x22	6
ur44245798	tos3x22	10
ur70232234	tos3x22	4
ur2483625	tos3x22	4
ur0278527	tos3x22	5
ur2467618	tos3x22	3
ur35635716	tos3x22	8
ur40296555	tos3x22	1
ur68112294	tos3x22	5
ur16595919	tos3x23	9
ur6652148	tos3x23	10
ur6207631	tos3x23	7
ur2467618	tos3x23	9
ur12371785	tos3x23	10
ur2063901	tos3x23	8
ur0278527	tos3x23	10
ur16517420	tos3x23	7
ur2707735	tos3x23	7
ur35635716	tos3x23	9
ur1002555	tos3x23	6
ur1530907	tos3x23	10
ur5946448	tos3x23	7
ur9938570	tos3x23	7
ur53233562	tos3x23	8
ur13977076	tos3x23	9
ur2483625	tos3x23	5
ur70232234	tos3x23	9
ur83144881	tos3x23	9
ur68112294	tos3x23	7
ur62685107	tos3x23	8
ur40569466	tos3x23	4
ur65243464	tos3x23	8
ur6207631	tos3x24	8
ur16595919	tos3x24	8
ur2366174	tos3x24	10
ur16517420	tos3x24	7
ur6822728	tos3x24	9
ur11966504	tos3x24	7
ur40569466	tos3x24	8
ur2707735	tos3x24	8
ur9938570	tos3x24	10
ur15881532	tos3x24	6
ur19744164	tos3x24	7
ur2913936	tos3x24	6
ur13977076	tos3x24	9
ur0278527	tos3x24	7
ur35635716	tos3x24	8
ur11612948	tos3x24	8
ur67490537	tos3x24	6
ur2558307	tos3x24	10
ur11151606	tos3x24	10
ur70232234	tos3x24	6
ur2467618	tos3x24	2
ur0453228	tos3x24	6
ur62685107	tos3x24	8
ur0496040	voy1x01	10
ur11683956	voy1x01	9
ur32375419	voy1x01	8
ur13977076	voy1x01	8
ur0278527	voy1x01	8
ur15311310	voy1x01	7
ur63032753	voy1x01	7
ur9938570	voy1x01	7
ur2467618	voy1x01	5
ur0406773	voy1x01	5
ur0331101	voy1x01	1
ur13977076	voy1x03	7
ur2467618	voy1x03	6
ur32375419	voy1x03	6
ur0278527	voy1x03	8
ur9938570	voy1x03	6
ur6117660	voy1x04	10
ur13977076	voy1x04	9
ur2467618	voy1x04	6
ur0278527	voy1x04	9
ur9938570	voy1x04	5
ur2366174	voy1x04	10
ur32375419	voy1x04	6
ur13977076	voy1x05	8
ur2467618	voy1x05	8
ur0278527	voy1x05	6
ur32375419	voy1x05	6
ur9938570	voy1x05	7
ur13977076	voy1x06	6
ur32375419	voy1x06	6
ur1986150	voy1x06	3
ur0278527	voy1x06	5
ur69901052	voy1x06	2
ur9938570	voy1x06	6
ur2467618	voy1x06	3
ur32375419	voy1x07	9
ur2467618	voy1x07	10
ur0278527	voy1x07	9
ur13977076	voy1x07	9
ur20820694	voy1x07	10
ur9938570	voy1x07	8
ur2467618	voy1x08	8
ur13977076	voy1x08	8
ur83144881	voy1x08	8
ur32375419	voy1x08	5
ur48378556	voy1x08	2
ur5541121	voy1x08	2
ur0278527	voy1x08	6
ur13977076	voy1x09	7
ur74425063	voy1x09	10
ur2467618	voy1x09	7
ur0278527	voy1x09	6
ur32375419	voy1x09	8
ur32375419	voy1x10	7
ur13977076	voy1x10	8
ur0278527	voy1x10	8
ur2467618	voy1x10	6
ur13977076	voy1x11	9
ur20867091	voy1x11	7
ur32375419	voy1x11	8
ur2467618	voy1x11	7
ur0278527	voy1x11	7
ur13977076	voy1x12	7
ur32375419	voy1x12	9
ur0278527	voy1x12	6
ur2467618	voy1x12	6
ur13977076	voy1x13	8
ur2467618	voy1x13	4
ur1864304	voy1x13	4
ur0278527	voy1x13	5
ur9938570	voy1x13	5
ur4827095	voy1x14	8
ur13977076	voy1x14	9
ur2467618	voy1x14	7
ur1864304	voy1x14	9
ur0278527	voy1x14	7
ur1531374	voy1x14	8
ur32375419	voy1x14	5
ur1806417	voy1x14	10
ur13977076	voy1x15	8
ur32375419	voy1x15	8
ur2467618	voy1x15	7
ur9938570	voy1x15	8
ur0278527	voy1x15	8
ur13977076	voy1x16	7
ur32375419	voy1x16	6
ur2467618	voy1x16	7
ur0278527	voy1x16	5
ur5368428	voy1x16	1
ur9938570	voy1x16	7
ur32375419	voy2x01	7
ur13977076	voy2x01	7
ur1806417	voy2x01	1
ur2467618	voy2x01	4
ur46536150	voy2x01	1
ur0278527	voy2x01	6
ur13977076	voy2x02	7
ur2467618	voy2x02	3
ur46536150	voy2x02	4
ur0278527	voy2x02	5
ur13977076	voy2x03	8
ur0278527	voy2x03	8
ur46536150	voy2x03	6
ur66409133	voy2x03	6
ur2467618	voy2x03	5
ur13977076	voy2x04	7
ur2467618	voy2x04	6
ur46536150	voy2x04	3
ur0278527	voy2x04	5
ur13977076	voy2x05	9
ur46536150	voy2x05	3
ur2467618	voy2x05	4
ur0198641	voy2x05	5
ur1531374	voy2x05	5
ur0278527	voy2x05	6
ur13977076	voy2x06	7
ur9938570	voy2x06	5
ur2467618	voy2x06	5
ur46536150	voy2x06	3
ur0278527	voy2x06	6
ur13977076	voy2x07	7
ur32375419	voy2x07	7
ur2467618	voy2x07	7
ur0278527	voy2x07	7
ur9938570	voy2x07	6
ur13977076	voy2x08	8
ur4040638	voy2x08	1
ur0278527	voy2x08	6
ur2467618	voy2x08	3
ur9938570	voy2x08	4
ur13977076	voy2x09	7
ur19348035	voy2x09	2
ur2467618	voy2x09	1
ur1806417	voy2x09	1
ur0278527	voy2x09	4
ur13977076	voy2x10	9
ur3056003	voy2x10	10
ur2467618	voy2x10	7
ur0278527	voy2x10	8
ur32375419	voy2x10	3
ur13977076	voy2x11	7
ur0278527	voy2x11	7
ur2467618	voy2x11	4
ur9938570	voy2x11	6
ur13977076	voy2x12	7
ur0278527	voy2x12	7
ur2467618	voy2x12	6
ur2349170	voy2x12	1
ur9938570	voy2x12	6
ur13977076	voy2x13	8
ur2467618	voy2x13	9
ur2349170	voy2x13	8
ur0278527	voy2x13	9
ur2349170	voy2x14	9
ur13977076	voy2x14	8
ur0278527	voy2x14	8
ur2467618	voy2x14	4
ur2349170	voy2x15	1
ur4853846	voy2x15	1
ur23494500	voy2x15	2
ur55050626	voy2x15	1
ur11966504	voy2x15	3
ur2467618	voy2x15	2
ur13977076	voy2x15	6
ur64841760	voy2x15	4
ur0278527	voy2x15	2
ur5489524	voy2x15	7
ur20690244	voy2x15	2
ur7137230	voy2x15	1
ur86503320	voy2x15	1
ur13977076	voy2x16	8
ur2467618	voy2x16	9
ur83144881	voy2x16	10
ur0278527	voy2x16	6
ur13977076	voy2x17	8
ur2349170	voy2x17	7
ur25506029	voy2x17	3
ur0278527	voy2x17	7
ur2467618	voy2x17	7
ur13977076	voy2x18	7
ur2467618	voy2x18	8
ur2349170	voy2x18	9
ur0278527	voy2x18	9
ur28257047	voy2x18	10
ur9938570	voy2x18	8
ur11732355	voy2x18	9
ur13977076	voy2x19	9
ur2467618	voy2x19	9
ur2349170	voy2x19	7
ur9938570	voy2x19	8
ur0278527	voy2x19	8
ur13977076	voy2x20	9
ur2467618	voy2x20	9
ur9938570	voy2x20	6
ur2349170	voy2x20	8
ur0278527	voy2x20	9
ur13977076	voy2x21	9
ur9938570	voy2x21	6
ur2349170	voy2x21	6
ur2467618	voy2x21	4
ur36994855	voy2x21	2
ur19412265	voy2x21	3
ur0278527	voy2x21	7
ur2467618	voy2x22	9
ur2349170	voy2x22	10
ur13977076	voy2x22	7
ur9938570	voy2x22	7
ur0278527	voy2x22	8
ur4863287	voy2x23	9
ur3056003	voy2x23	9
ur46536150	voy2x23	9
ur26149494	voy2x23	10
ur2349170	voy2x23	10
ur0278527	voy2x23	9
ur13977076	voy2x23	6
ur61520657	voy2x23	1
ur4040638	voy2x23	1
ur34291089	voy2x23	1
ur72420872	voy2x23	2
ur2467618	voy2x23	1
ur9938570	voy2x23	6
ur0685350	voy2x24	10
ur24584891	voy2x24	8
ur2467618	voy2x24	7
ur19844833	voy2x24	5
ur13977076	voy2x24	9
ur8803765	voy2x24	1
ur0278527	voy2x24	9
ur9938570	voy2x24	7
ur26149494	voy2x24	9
ur44821372	voy2x24	9
ur28758369	voy2x24	3
ur2349170	voy2x24	7
ur13977076	voy2x25	7
ur2271817	voy2x25	10
ur0278527	voy2x25	10
ur2467618	voy2x25	4
ur2424229	voy2x25	7
ur2349170	voy2x25	6
ur19412265	voy2x25	2
ur9938570	voy2x25	6
ur13977076	voy2x26	9
ur2349170	voy2x26	8
ur2467618	voy2x26	7
ur2366174	voy2x26	10
ur0278527	voy2x26	9
ur13977076	voy3x01	9
ur2349170	voy3x01	7
ur2467618	voy3x01	9
ur0278527	voy3x01	9
ur2366174	voy3x02	10
ur13977076	voy3x02	8
ur2349170	voy3x02	7
ur0337755	voy3x02	4
ur2467618	voy3x02	6
ur9938570	voy3x02	7
ur0278527	voy3x02	7
ur13977076	voy3x03	8
ur2467618	voy3x03	9
ur24238246	voy3x03	9
ur2349170	voy3x03	7
ur0278527	voy3x03	7
ur28758369	voy3x03	3
ur13977076	voy3x04	8
ur2467618	voy3x04	8
ur9938570	voy3x04	8
ur0278527	voy3x04	7
ur2349170	voy3x04	5
ur13977076	voy3x05	8
ur16037821	voy3x05	6
ur2349170	voy3x05	5
ur20178964	voy3x05	3
ur2467618	voy3x05	7
ur0278527	voy3x05	6
ur2467618	voy3x06	8
ur13977076	voy3x06	7
ur0278527	voy3x06	8
ur29640976	voy3x07	3
ur38440074	voy3x07	1
ur36511087	voy3x07	1
ur0539287	voy3x07	2
ur15190743	voy3x07	7
ur39966584	voy3x07	1
ur14632438	voy3x07	1
ur37984238	voy3x07	10
ur24717041	voy3x07	8
ur41549580	voy3x07	1
ur35372269	voy3x07	4
ur13977076	voy3x07	7
ur61348837	voy3x07	1
ur2467618	voy3x07	1
ur5169309	voy3x07	10
ur8998988	voy3x07	10
ur2349170	voy3x07	7
ur0278527	voy3x07	6
ur1980039	voy3x07	8
ur62641002	voy3x07	8
ur17582981	voy3x07	6
ur40438072	voy3x07	1
ur2467618	voy3x08	9
ur2349170	voy3x08	10
ur1986150	voy3x08	9
ur13977076	voy3x08	9
ur90572194	voy3x08	7
ur0278527	voy3x08	9
ur2467618	voy3x09	9
ur13977076	voy3x09	8
ur0278527	voy3x09	10
ur2349170	voy3x09	10
ur24698614	voy3x10	8
ur13977076	voy3x10	9
ur23825868	voy3x10	10
ur23714289	voy3x10	7
ur0278527	voy3x10	6
ur2467618	voy3x10	7
ur35859098	voy3x10	9
ur2349170	voy3x10	3
ur13977076	voy3x11	6
ur2349170	voy3x11	9
ur2467618	voy3x11	7
ur9938570	voy3x11	7
ur0278527	voy3x11	7
ur13977076	voy3x12	9
ur26149494	voy3x12	8
ur9938570	voy3x12	7
ur2349170	voy3x12	4
ur0278527	voy3x12	8
ur2467618	voy3x12	5
ur19278556	voy3x12	6
ur25013884	voy3x12	1
ur19348035	voy3x12	1
ur9938570	voy3x13	7
ur2349170	voy3x13	6
ur13977076	voy3x13	8
ur0278527	voy3x13	7
ur2467618	voy3x13	7
ur2349170	voy3x14	10
ur13977076	voy3x14	7
ur2366174	voy3x14	10
ur9938570	voy3x14	7
ur0278527	voy3x14	7
ur2467618	voy3x14	8
ur13977076	voy3x15	7
ur7521646	voy3x15	10
ur2349170	voy3x15	5
ur9938570	voy3x15	6
ur2467618	voy3x15	3
ur26149494	voy3x15	9
ur0278527	voy3x15	8
ur23132110	voy3x15	1
ur2467618	voy3x16	8
ur13977076	voy3x16	7
ur44112735	voy3x16	10
ur2349170	voy3x16	1
ur83144881	voy3x16	9
ur0278527	voy3x16	6
ur9938570	voy3x16	8
ur2467618	voy3x17	8
ur13977076	voy3x17	7
ur43809085	voy3x17	8
ur23714289	voy3x17	6
ur0278527	voy3x17	8
ur2349170	voy3x17	3
ur13977076	voy3x18	7
ur44112735	voy3x18	9
ur2349170	voy3x18	1
ur0278527	voy3x18	6
ur2467618	voy3x18	3
ur20352024	voy3x18	9
ur2349170	voy3x19	6
ur13977076	voy3x19	8
ur2467618	voy3x19	8
ur0278527	voy3x19	7
ur2467618	voy3x20	7
ur2349170	voy3x20	4
ur37757047	voy3x20	6
ur15907071	voy3x20	2
ur13977076	voy3x20	7
ur23714289	voy3x20	1
ur0278527	voy3x20	3
ur44112735	voy3x21	10
ur2366174	voy3x21	10
ur13977076	voy3x21	7
ur23714289	voy3x21	8
ur12426413	voy3x21	4
ur28758369	voy3x21	6
ur2349170	voy3x21	1
ur0278527	voy3x21	7
ur1264921	voy3x21	10
ur2467618	voy3x21	2
ur8299943	voy3x22	10
ur13977076	voy3x22	7
ur0290901	voy3x22	7
ur2349170	voy3x22	7
ur0278527	voy3x22	7
ur65633169	voy3x22	10
ur2467618	voy3x22	4
ur23714289	voy3x23	9
ur2349170	voy3x23	10
ur2467618	voy3x23	9
ur18183588	voy3x23	10
ur14777897	voy3x23	10
ur0157517	voy3x23	10
ur13977076	voy3x23	7
ur10647879	voy3x23	9
ur0278527	voy3x23	10
ur45560667	voy3x23	1
ur11238705	voy3x24	9
ur23714289	voy3x24	8
ur2349170	voy3x24	7
ur13977076	voy3x24	7
ur0278527	voy3x24	9
ur2467618	voy3x24	10
ur0770122	voy3x25	6
ur23714289	voy3x25	7
ur5368428	voy3x25	7
ur2349170	voy3x25	1
ur19412265	voy3x25	1
ur2467618	voy3x25	3
ur13977076	voy3x25	6
ur13977076	voy3x26	9
ur2467618	voy3x26	10
ur2349170	voy3x26	6
ur0278527	voy3x26	10
ur58268138	voy3x26	10
ur10947769	voy4x01	8
ur13977076	voy4x01	9
ur2467618	voy4x01	10
ur0278527	voy4x01	10
ur58268138	voy4x01	10
ur4273800	voy4x02	9
ur20867091	voy4x02	10
ur13977076	voy4x02	8
ur2467618	voy4x02	9
ur2366174	voy4x02	10
ur0278527	voy4x02	9
ur91512623	voy4x02	2
ur5368428	voy4x02	1
ur13977076	voy4x03	8
ur2744923	voy4x03	5
ur2467618	voy4x03	7
ur0278527	voy4x03	7
ur2366174	voy4x03	10
ur64841760	voy4x04	9
ur2467618	voy4x04	8
ur13977076	voy4x04	7
ur29692600	voy4x04	9
ur0278527	voy4x04	7
ur16121303	voy4x04	3
ur16793457	voy4x04	4
ur13977076	voy4x05	8
ur0278527	voy4x05	8
ur2349170	voy4x05	6
ur2467618	voy4x05	7
ur13977076	voy4x06	8
ur22292051	voy4x06	10
ur2467618	voy4x06	7
ur0105327	voy4x06	6
ur0278527	voy4x06	8
ur13977076	voy4x07	8
ur26149494	voy4x07	8
ur2467618	voy4x07	9
ur15190743	voy4x07	7
ur26482995	voy4x07	6
ur0157517	voy4x07	9
ur0278527	voy4x07	9
ur13977076	voy4x08	9
ur22283010	voy4x08	8
ur2366174	voy4x08	10
ur5368428	voy4x08	8
ur22056265	voy4x08	8
ur0278527	voy4x08	10
ur0278527	voy4x08	10
ur2467618	voy4x08	10
ur12883337	voy4x09	10
ur13977076	voy4x09	9
ur5368428	voy4x09	8
ur2467618	voy4x09	8
ur2467618	voy4x10	8
ur13977076	voy4x10	7
ur5368428	voy4x10	1
ur0278527	voy4x10	3
ur13977076	voy4x11	7
ur2467618	voy4x11	2
ur2366174	voy4x11	10
ur0278527	voy4x11	6
ur1264921	voy4x12	9
ur13977076	voy4x12	7
ur68103986	voy4x12	10
ur2467618	voy4x12	5
ur0278527	voy4x12	6
ur14632438	voy4x12	1
ur13977076	voy4x13	8
ur2467618	voy4x13	8
ur0278527	voy4x13	8
ur24931284	voy4x13	8
ur0770122	voy4x14	7
ur13977076	voy4x14	7
ur2467618	voy4x14	9
ur0278527	voy4x14	8
ur40438072	voy4x14	7
ur2467618	voy4x15	8
ur2366174	voy4x15	10
ur13977076	voy4x15	7
ur0278527	voy4x15	8
ur2467618	voy4x16	7
ur13977076	voy4x16	8
ur12602832	voy4x16	4
ur0278527	voy4x16	9
ur2744923	voy4x17	5
ur35711796	voy4x17	5
ur16595919	voy4x17	8
ur52391784	voy4x17	6
ur45748585	voy4x17	8
ur10505942	voy4x17	1
ur18604426	voy4x17	8
ur68192492	voy4x17	1
ur2467618	voy4x17	6
ur13977076	voy4x17	7
ur51643160	voy4x17	3
ur0278527	voy4x17	7
ur62750496	voy4x17	5
ur51697768	voy4x18	4
ur13977076	voy4x18	8
ur2366174	voy4x18	10
ur2467618	voy4x18	2
ur0278527	voy4x18	8
ur13977076	voy4x19	8
ur0770122	voy4x19	4
ur2467618	voy4x19	2
ur2366174	voy4x19	10
ur0278527	voy4x19	7
ur13977076	voy4x20	7
ur2467618	voy4x20	7
ur0770122	voy4x20	7
ur0278527	voy4x20	6
ur13977076	voy4x21	8
ur2467618	voy4x21	7
ur68103986	voy4x21	9
ur0278527	voy4x21	8
ur4139213	voy4x22	2
ur13977076	voy4x22	7
ur2467618	voy4x22	8
ur0278527	voy4x22	5
ur74425063	voy4x22	1
ur60432456	voy4x22	7
ur0105327	voy4x22	7
ur3598665	voy4x23	10
ur13977076	voy4x23	9
ur2744923	voy4x23	10
ur1371562	voy4x23	10
ur2467618	voy4x23	10
ur84655994	voy4x23	10
ur0278527	voy4x23	10
ur2467618	voy4x24	8
ur13977076	voy4x24	8
ur0278527	voy4x24	8
ur13977076	voy4x25	8
ur2467618	voy4x25	7
ur85665981	voy4x25	10
ur0278527	voy4x25	9
ur13977076	voy4x26	8
ur10465468	voy4x26	9
ur0278527	voy4x26	9
ur2366174	voy4x26	10
ur2467618	voy4x26	8
ur13977076	voy5x01	8
ur50276880	voy5x01	10
ur2467618	voy5x01	8
ur0278527	voy5x01	10
ur2467618	voy5x02	9
ur13977076	voy5x02	8
ur0278527	voy5x02	9
ur40986691	voy5x02	10
ur26149494	voy5x03	8
ur13977076	voy5x03	7
ur46536150	voy5x03	4
ur2467618	voy5x03	6
ur24319893	voy5x03	8
ur0278527	voy5x03	6
ur2467618	voy5x04	9
ur0269875	voy5x04	6
ur46536150	voy5x04	4
ur0278527	voy5x04	7
ur13977076	voy5x04	7
ur2366174	voy5x04	10
ur6117660	voy5x05	7
ur13977076	voy5x05	8
ur2467618	voy5x05	3
ur5368428	voy5x05	1
ur75287490	voy5x05	1
ur46536150	voy5x05	1
ur63032753	voy5x05	1
ur0278527	voy5x05	2
ur13977076	voy5x06	9
ur3448599	voy5x06	10
ur0278527	voy5x06	9
ur2467618	voy5x06	7
ur3535573	voy5x07	8
ur13977076	voy5x07	8
ur83144881	voy5x07	10
ur0278527	voy5x07	7
ur2467618	voy5x07	6
ur29640976	voy5x08	4
ur1371562	voy5x08	4
ur2467618	voy5x08	6
ur56228984	voy5x08	4
ur23233649	voy5x08	9
ur23233649	voy5x08	9
ur13977076	voy5x08	7
ur0944551	voy5x08	4
ur0278527	voy5x08	7
ur13977076	voy5x09	6
ur2366174	voy5x09	10
ur0278527	voy5x09	7
ur2467618	voy5x09	7
ur75287490	voy5x09	1
ur2366174	voy5x10	10
ur13977076	voy5x10	8
ur55209357	voy5x10	10
ur2467618	voy5x10	7
ur0278527	voy5x10	9
ur83144881	voy5x10	10
ur2467618	voy5x11	9
ur13977076	voy5x11	9
ur3652113	voy5x11	10
ur24717041	voy5x11	9
ur46660822	voy5x11	9
ur29888097	voy5x11	6
ur35718110	voy5x11	7
ur0278527	voy5x11	10
ur26041805	voy5x11	7
ur21677113	voy5x12	7
ur3535573	voy5x12	10
ur13977076	voy5x12	8
ur2467618	voy5x12	8
ur46536150	voy5x12	7
ur70245466	voy5x12	10
ur0278527	voy5x12	7
ur4331811	voy5x12	4
ur19853514	voy5x12	5
ur5368428	voy5x12	1
ur13977076	voy5x13	8
ur2366174	voy5x13	10
ur19357237	voy5x13	9
ur14777897	voy5x13	10
ur29888097	voy5x13	7
ur0278527	voy5x13	9
ur2467618	voy5x13	8
ur5226634	voy5x14	10
ur6105588	voy5x14	8
ur13977076	voy5x14	8
ur0278527	voy5x14	9
ur2467618	voy5x14	8
ur13977076	voy5x15	8
ur2366174	voy5x15	10
ur2467618	voy5x15	9
ur0278527	voy5x15	9
ur2349170	voy5x15	2
ur49794114	voy5x15	4
ur20962118	voy5x15	5
ur6117660	voy5x17	8
ur2467618	voy5x17	6
ur13977076	voy5x17	8
ur20250079	voy5x17	10
ur0278527	voy5x17	5
ur50253504	voy5x17	6
ur23714289	voy5x18	9
ur55348587	voy5x18	8
ur13977076	voy5x18	8
ur29888097	voy5x18	7
ur26149494	voy5x18	9
ur14812370	voy5x18	8
ur2467618	voy5x18	8
ur36131943	voy5x18	2
ur47014341	voy5x18	1
ur91280700	voy5x18	1
ur2349170	voy5x18	1
ur0278527	voy5x18	3
ur91793033	voy5x18	1
ur13977076	voy5x19	7
ur2467618	voy5x19	1
ur39932939	voy5x19	1
ur2366174	voy5x19	10
ur0278527	voy5x19	5
ur2467618	voy5x20	9
ur13977076	voy5x20	7
ur0278527	voy5x20	8
ur13977076	voy5x21	9
ur2366174	voy5x21	10
ur0278527	voy5x21	7
ur2467618	voy5x21	7
ur10647879	voy5x22	10
ur6117660	voy5x22	7
ur13977076	voy5x22	9
ur2366174	voy5x22	10
ur2467618	voy5x22	9
ur0278527	voy5x22	9
ur13977076	voy5x23	6
ur10638715	voy5x23	10
ur77724896	voy5x23	8
ur2467618	voy5x23	4
ur0278527	voy5x23	6
ur63032753	voy5x23	1
ur0944551	voy5x23	4
ur71596244	voy5x23	1
ur13977076	voy5x24	8
ur2467618	voy5x24	8
ur0278527	voy5x24	7
ur12912081	voy5x24	7
ur3056003	voy5x25	7
ur13977076	voy5x25	8
ur10647879	voy5x25	3
ur2467618	voy5x25	7
ur0278527	voy5x25	7
ur8382912	voy5x25	5
ur13977076	voy5x26	9
ur2467618	voy5x26	9
ur0278527	voy5x26	9
ur5368428	voy5x26	1
ur34794230	voy5x26	2
ur13977076	voy6x01	9
ur0278527	voy6x01	7
ur2467618	voy6x01	10
ur13977076	voy6x02	8
ur2366174	voy6x02	10
ur2467618	voy6x02	8
ur0278527	voy6x02	9
ur3535573	voy6x03	8
ur0278527	voy6x03	3
ur2467618	voy6x03	2
ur13977076	voy6x03	7
ur10362289	voy6x03	8
ur19859680	voy6x04	9
ur2467618	voy6x04	10
ur13977076	voy6x04	8
ur2744923	voy6x04	10
ur2366174	voy6x04	10
ur0278527	voy6x04	9
ur20798077	voy6x05	6
ur13977076	voy6x05	8
ur2467618	voy6x05	4
ur0278527	voy6x05	6
ur14777897	voy6x05	8
ur2467618	voy6x06	10
ur13977076	voy6x06	8
ur0278527	voy6x06	8
ur13977076	voy6x07	8
ur2467618	voy6x07	8
ur2366174	voy6x07	10
ur0278527	voy6x07	8
ur39966584	voy6x08	9
ur42209913	voy6x08	9
ur2366174	voy6x08	10
ur0278527	voy6x08	7
ur11749014	voy6x08	4
ur75287490	voy6x08	1
ur13977076	voy6x08	7
ur13977076	voy6x09	8
ur2366174	voy6x09	10
ur2467618	voy6x09	3
ur0278527	voy6x09	6
ur91512623	voy6x09	8
ur2366174	voy6x10	10
ur13977076	voy6x10	7
ur2467618	voy6x10	6
ur0278527	voy6x10	6
ur31088986	voy6x11	10
ur2366174	voy6x11	10
ur1348113	voy6x11	9
ur22292051	voy6x11	10
ur13977076	voy6x11	5
ur91401927	voy6x11	10
ur48002359	voy6x11	10
ur1816222	voy6x11	1
ur2467618	voy6x11	3
ur0278527	voy6x11	3
ur2938536	voy6x11	5
ur79110400	voy6x11	4
ur14595551	voy6x12	10
ur11966504	voy6x12	8
ur0139267	voy6x12	10
ur4178034	voy6x12	9
ur2366174	voy6x12	10
ur13977076	voy6x12	9
ur0278527	voy6x12	10
ur2467618	voy6x12	9
ur10121452	voy6x12	9
ur20178964	voy6x12	1
ur75287490	voy6x12	1
ur2366174	voy6x13	10
ur0278527	voy6x13	6
ur6117660	voy6x13	5
ur2467618	voy6x13	7
ur13977076	voy6x13	5
ur92275636	voy6x13	7
ur13977076	voy6x14	8
ur2467618	voy6x14	7
ur0278527	voy6x14	8
ur52970213	voy6x14	9
ur23868114	voy6x14	2
ur13977076	voy6x15	8
ur2467618	voy6x15	7
ur2366174	voy6x15	10
ur45077061	voy6x15	6
ur0278527	voy6x15	5
ur13977076	voy6x16	8
ur2467618	voy6x16	5
ur0278527	voy6x16	6
ur2467618	voy6x17	2
ur13977076	voy6x17	5
ur2366174	voy6x17	10
ur4331811	voy6x17	2
ur19412265	voy6x17	1
ur0278527	voy6x17	4
ur48002359	voy6x18	9
ur13977076	voy6x18	8
ur2467618	voy6x18	7
ur0278527	voy6x18	7
ur2366174	voy6x18	10
ur13977076	voy6x19	7
ur2366174	voy6x19	10
ur2467618	voy6x19	8
ur67766726	voy6x19	9
ur0278527	voy6x19	7
ur22940928	voy6x19	7
ur6117660	voy6x20	8
ur13977076	voy6x20	8
ur25415694	voy6x20	3
ur0278527	voy6x20	6
ur23714289	voy6x20	7
ur2467618	voy6x20	7
ur0499632	voy6x20	5
ur2467618	voy6x21	9
ur13977076	voy6x21	8
ur0278527	voy6x21	6
ur0770122	voy6x21	3
ur2422883	voy6x22	9
ur6117660	voy6x22	8
ur2467618	voy6x22	7
ur0278527	voy6x22	7
ur83645254	voy6x22	9
ur13977076	voy6x22	7
ur18604426	voy6x23	3
ur2467618	voy6x23	1
ur0278527	voy6x23	3
ur2366174	voy6x23	10
ur13977076	voy6x23	9
ur4178034	voy6x24	8
ur0278527	voy6x24	10
ur13977076	voy6x24	8
ur2366174	voy6x24	10
ur2467618	voy6x24	8
ur6117660	voy6x25	8
ur0278527	voy6x25	9
ur13977076	voy6x25	7
ur2467618	voy6x25	8
ur0278527	voy6x26	10
ur13977076	voy6x26	8
ur40438072	voy6x26	7
ur2366174	voy6x26	10
ur2467618	voy6x26	9
ur13977076	voy7x01	9
ur2467618	voy7x01	10
ur0278527	voy7x01	9
ur2366174	voy7x01	10
ur4803781	voy7x02	10
ur2467618	voy7x02	9
ur0278527	voy7x02	9
ur13977076	voy7x02	7
ur4331811	voy7x03	5
ur13977076	voy7x03	6
ur2467618	voy7x03	6
ur0278527	voy7x03	4
ur13977076	voy7x04	8
ur0770122	voy7x04	2
ur2467618	voy7x04	7
ur0278527	voy7x04	2
ur13977076	voy7x05	8
ur2467618	voy7x05	8
ur0278527	voy7x05	8
ur13977076	voy7x06	8
ur2467618	voy7x06	8
ur0278527	voy7x06	7
ur13977076	voy7x07	8
ur35927594	voy7x07	9
ur2467618	voy7x07	9
ur2366174	voy7x07	10
ur0278527	voy7x07	9
ur13977076	voy7x08	8
ur3056003	voy7x08	7
ur2467618	voy7x08	5
ur0278527	voy7x08	6
ur34818545	voy7x08	2
ur13977076	voy7x09	8
ur2467618	voy7x09	8
ur0278527	voy7x09	7
ur19412265	voy7x09	3
ur0278527	voy7x11	9
ur0499632	voy7x11	5
ur62701365	voy7x11	8
ur2467618	voy7x11	3
ur19412265	voy7x11	3
ur3056003	voy7x12	10
ur17366805	voy7x12	8
ur2467618	voy7x12	8
ur0278527	voy7x12	7
ur4331811	voy7x12	3
ur13977076	voy7x12	7
ur12426413	voy7x12	3
ur4331811	voy7x13	9
ur13977076	voy7x13	8
ur0278527	voy7x13	8
ur36896350	voy7x13	7
ur2590860	voy7x13	1
ur2467618	voy7x13	6
ur13977076	voy7x14	8
ur2216614	voy7x14	7
ur2366174	voy7x14	10
ur4331811	voy7x14	5
ur10762610	voy7x14	10
ur63032753	voy7x14	7
ur2467618	voy7x14	7
ur0278527	voy7x14	7
ur22034814	voy7x15	10
ur3087956	voy7x15	10
ur2366174	voy7x15	10
ur0278527	voy7x15	10
ur13977076	voy7x15	8
ur4331811	voy7x15	7
ur0275191	voy7x15	10
ur5368428	voy7x15	1
ur2467618	voy7x15	7
ur44525361	voy7x16	10
ur16865114	voy7x16	8
ur4331811	voy7x16	9
ur13977076	voy7x16	8
ur2467618	voy7x16	9
ur0278527	voy7x16	10
ur0278527	voy7x17	10
ur13977076	voy7x17	8
ur2467618	voy7x17	9
ur0278527	voy7x18	9
ur2366174	voy7x18	10
ur13977076	voy7x18	6
ur2467618	voy7x18	7
ur0278527	voy7x19	8
ur13977076	voy7x19	7
ur2467618	voy7x19	9
ur13977076	voy7x20	8
ur23868114	voy7x20	9
ur2467618	voy7x20	9
ur0278527	voy7x20	7
ur10947769	voy7x20	2
ur13977076	voy7x21	8
ur2467618	voy7x21	8
ur11447187	voy7x21	3
ur0278527	voy7x21	6
ur13977076	voy7x22	7
ur2467618	voy7x22	5
ur5368428	voy7x22	1
ur1006532	voy7x22	4
ur0278527	voy7x22	5
ur3891797	voy7x23	9
ur3101235	voy7x23	10
ur13977076	voy7x23	9
ur62701365	voy7x23	8
ur2467618	voy7x23	8
ur0278527	voy7x23	9
ur13977076	voy7x24	8
ur29888097	voy7x24	5
ur2467618	voy7x24	4
ur0278527	voy7x24	7
ur36131943	voy7x24	3
ur1949737	voy7x24	1
ur1177049	voy7x25	8
ur23714289	voy7x25	8
ur2467618	voy7x25	10
ur0983491	voy7x25	9
ur0180796	voy7x25	8
ur13977076	voy7x25	8
ur20708678	voy7x25	1
ur11427618	voy7x25	10
ur2366174	voy7x25	10
ur0278527	voy7x25	8
ur23233649	voy7x25	5
ur18338314	voy7x25	2
ur10762610	voy7x25	6
ur11394651	voy7x25	8
ur36131943	voy7x25	3
ur63032753	voy7x25	10
ur78159608	voy7x25	9
ur61555888	voy7x25	2
ur50057424	voy7x25	9
ur62701365	voy7x25	8
